library name	concentration(ng/ul)	volume(ul)	library size(bp)	# of Reads (M)	index name(i7/i5)	i7 Barcode Sequence	i5 Barcode Sequence	LibraryID	library type	library prep kit	Organism	comments	file_paths	study_name	uuid
WT_2mo_1	9.86	50	523	20	Set A; A6; UDP0041	ACTCGGCAAT	GACAACTGAA	P237	DNA Shotgun	Illumina DNA Prep	Mice stool	Samples pooled in tube labeled 20230818_NW_Sarkis_Shotgun	/shares/CIBIO-Storage/CM/scratch/data/meta/CM_Matheus_ASO/nR308-L4-G3-P237-ACTCGGCAAT-TTCAGTTGTC-READ1-Sequences.fastq.gz;/shares/CIBIO-Storage/CM/scratch/data/meta/CM_Matheus_ASO/nR308-L4-G3-P237-ACTCGGCAAT-TTCAGTTGTC-READ2-Sequences.fastq.gz	MazmanianS_DeCastroFonsecaM_5	46eb4a06-5f1e-4d2d-adb4-0706a1e55022
WT_2mo_2	9.86	50	523	20	Set A; B6; UDP0042	GTCTAATGGC	AGTGGTCAGG	P238	DNA Shotgun	Illumina DNA Prep	Mice stool	Samples pooled in tube labeled 20230818_NW_Sarkis_Shotgun	/shares/CIBIO-Storage/CM/scratch/data/meta/CM_Matheus_ASO/nR308-L4-G3-P238-GTCTAATGGC-CCTGACCACT-READ1-Sequences.fastq.gz;/shares/CIBIO-Storage/CM/scratch/data/meta/CM_Matheus_ASO/nR308-L4-G3-P238-GTCTAATGGC-CCTGACCACT-READ2-Sequences.fastq.gz	MazmanianS_DeCastroFonsecaM_5	bd8bae56-2727-4375-9f7a-ccae511e80c3
WT_2mo_3	9.86	50	523	20	Set A; C6; UDP0043	CCATCTCGCC	TTCTATGGTT	P239	DNA Shotgun	Illumina DNA Prep	Mice stool	Samples pooled in tube labeled 20230818_NW_Sarkis_Shotgun	/shares/CIBIO-Storage/CM/scratch/data/meta/CM_Matheus_ASO/nR308-L4-G3-P239-CCATCTCGCC-AACCATAGAA-READ1-Sequences.fastq.gz;/shares/CIBIO-Storage/CM/scratch/data/meta/CM_Matheus_ASO/nR308-L4-G3-P239-CCATCTCGCC-AACCATAGAA-READ2-Sequences.fastq.gz	MazmanianS_DeCastroFonsecaM_5	fba6b6f6-96c9-4311-8378-39768eb3c9df
WT_2mo_4	9.86	50	523	20	Set A; D6; UDP0044	CTGCGAGCCA	AATCCGGCCA	P240	DNA Shotgun	Illumina DNA Prep	Mice stool	Samples pooled in tube labeled 20230818_NW_Sarkis_Shotgun	/shares/CIBIO-Storage/CM/scratch/data/meta/CM_Matheus_ASO/nR308-L4-G3-P240-CTGCGAGCCA-TGGCCGGATT-READ1-Sequences.fastq.gz;/shares/CIBIO-Storage/CM/scratch/data/meta/CM_Matheus_ASO/nR308-L4-G3-P240-CTGCGAGCCA-TGGCCGGATT-READ2-Sequences.fastq.gz	MazmanianS_DeCastroFonsecaM_5	794e107b-afd1-4ac0-b783-4a9c93dcbf42
WT_2mo_5	9.86	50	523	20	Set A; E6; UDP0045	CGTTATTCTA	CCATAAGGTT	P241	DNA Shotgun	Illumina DNA Prep	Mice stool	Samples pooled in tube labeled 20230818_NW_Sarkis_Shotgun	/shares/CIBIO-Storage/CM/scratch/data/meta/CM_Matheus_ASO/nR308-L4-G3-P241-CGTTATTCTA-AACCTTATGG-READ1-Sequences.fastq.gz;/shares/CIBIO-Storage/CM/scratch/data/meta/CM_Matheus_ASO/nR308-L4-G3-P241-CGTTATTCTA-AACCTTATGG-READ2-Sequences.fastq.gz	MazmanianS_DeCastroFonsecaM_5	d53cd95f-5228-4a82-8d89-a4ab5492f8c7
WT_2mo_6	9.86	50	523	20	Set A; F6; UDP0046	AGATCCATTA	ATCTCTACCA	P242	DNA Shotgun	Illumina DNA Prep	Mice stool	Samples pooled in tube labeled 20230818_NW_Sarkis_Shotgun	/shares/CIBIO-Storage/CM/scratch/data/meta/CM_Matheus_ASO/nR308-L4-G3-P242-AGATCCATTA-TGGTAGAGAT-READ1-Sequences.fastq.gz;/shares/CIBIO-Storage/CM/scratch/data/meta/CM_Matheus_ASO/nR308-L4-G3-P242-AGATCCATTA-TGGTAGAGAT-READ2-Sequences.fastq.gz	MazmanianS_DeCastroFonsecaM_5	e46cb9e6-9bbd-4940-ac99-10c4c569ec4a
WT_2mo_7	9.86	50	523	20	Set A; G6; UDP0047	GTCCTGGATA	CGGTGGCGAA	P243	DNA Shotgun	Illumina DNA Prep	Mice stool	Samples pooled in tube labeled 20230818_NW_Sarkis_Shotgun	/shares/CIBIO-Storage/CM/scratch/data/meta/CM_Matheus_ASO/nR308-L4-G3-P243-GTCCTGGATA-TTCGCCACCG-READ1-Sequences.fastq.gz;/shares/CIBIO-Storage/CM/scratch/data/meta/CM_Matheus_ASO/nR308-L4-G3-P243-GTCCTGGATA-TTCGCCACCG-READ2-Sequences.fastq.gz	MazmanianS_DeCastroFonsecaM_5	152da9a0-aa87-4ff1-b949-809049b4d9a8
WT_2mo_8	9.86	50	523	20	Set A; H6; UDP0048	CAGTGGCACT	TAACAATAGG	P244	DNA Shotgun	Illumina DNA Prep	Mice stool	Samples pooled in tube labeled 20230818_NW_Sarkis_Shotgun	/shares/CIBIO-Storage/CM/scratch/data/meta/CM_Matheus_ASO/nR308-L4-G3-P244-CAGTGGCACT-CCTATTGTTA-READ1-Sequences.fastq.gz;/shares/CIBIO-Storage/CM/scratch/data/meta/CM_Matheus_ASO/nR308-L4-G3-P244-CAGTGGCACT-CCTATTGTTA-READ2-Sequences.fastq.gz	MazmanianS_DeCastroFonsecaM_5	ad039b54-b0f6-4c32-a05b-1602376f225b
WT_2mo_9	9.86	50	523	20	Set A; A7; UDP0049	AGTGTTGCAC	CTGGTACACG	P245	DNA Shotgun	Illumina DNA Prep	Mice stool	Samples pooled in tube labeled 20230818_NW_Sarkis_Shotgun	/shares/CIBIO-Storage/CM/scratch/data/meta/CM_Matheus_ASO/nR308-L4-G3-P245-AGTGTTGCAC-CGTGTACCAG-READ1-Sequences.fastq.gz;/shares/CIBIO-Storage/CM/scratch/data/meta/CM_Matheus_ASO/nR308-L4-G3-P245-AGTGTTGCAC-CGTGTACCAG-READ2-Sequences.fastq.gz	MazmanianS_DeCastroFonsecaM_5	ec3569ff-f48f-43e5-8296-3bfa7de98fe4
WT_2mo_10	9.86	50	523	20	Set A; B7; UDP0050	GACACCATGT	TCAACGTGTA	P246	DNA Shotgun	Illumina DNA Prep	Mice stool	Samples pooled in tube labeled 20230818_NW_Sarkis_Shotgun	/shares/CIBIO-Storage/CM/scratch/data/meta/CM_Matheus_ASO/nR308-L4-G3-P246-GACACCATGT-TACACGTTGA-READ1-Sequences.fastq.gz;/shares/CIBIO-Storage/CM/scratch/data/meta/CM_Matheus_ASO/nR308-L4-G3-P246-GACACCATGT-TACACGTTGA-READ2-Sequences.fastq.gz	MazmanianS_DeCastroFonsecaM_5	77b0f00d-7bab-4ad9-a1db-da90c94d2e03
WT_5mo_1	9.86	50	523	20	Set A; C7; UDP0051	CCTGTCTGTC	ACTGTTGTGA	P247	DNA Shotgun	Illumina DNA Prep	Mice stool	Samples pooled in tube labeled 20230818_NW_Sarkis_Shotgun	/shares/CIBIO-Storage/CM/scratch/data/meta/CM_Matheus_ASO/nR308-L4-G3-P247-CCTGTCTGTC-TCACAACAGT-READ1-Sequences.fastq.gz;/shares/CIBIO-Storage/CM/scratch/data/meta/CM_Matheus_ASO/nR308-L4-G3-P247-CCTGTCTGTC-TCACAACAGT-READ2-Sequences.fastq.gz	MazmanianS_DeCastroFonsecaM_5	93683ce9-7ab3-4e3e-9567-784a56e5e470
WT_5mo_2	9.86	50	523	20	Set A; D7; UDP0052	TGATGTAAGA	GTGCGTCCTT	P248	DNA Shotgun	Illumina DNA Prep	Mice stool	Samples pooled in tube labeled 20230818_NW_Sarkis_Shotgun	/shares/CIBIO-Storage/CM/scratch/data/meta/CM_Matheus_ASO/nR308-L4-G3-P248-TGATGTAAGA-AAGGACGCAC-READ1-Sequences.fastq.gz;/shares/CIBIO-Storage/CM/scratch/data/meta/CM_Matheus_ASO/nR308-L4-G3-P248-TGATGTAAGA-AAGGACGCAC-READ2-Sequences.fastq.gz	MazmanianS_DeCastroFonsecaM_5	805afc59-0812-4c0d-9707-ca6b2b5cf297
WT_5mo_3	9.86	50	523	20	Set A; E7; UDP0053	GGAATTGTAA	AGCACATCCT	P249	DNA Shotgun	Illumina DNA Prep	Mice stool	Samples pooled in tube labeled 20230818_NW_Sarkis_Shotgun	/shares/CIBIO-Storage/CM/scratch/data/meta/CM_Matheus_ASO/nR308-L4-G3-P249-GGAATTGTAA-AGGATGTGCT-READ1-Sequences.fastq.gz;/shares/CIBIO-Storage/CM/scratch/data/meta/CM_Matheus_ASO/nR308-L4-G3-P249-GGAATTGTAA-AGGATGTGCT-READ2-Sequences.fastq.gz	MazmanianS_DeCastroFonsecaM_5	a4afb74d-e5e0-44c2-9d35-017c73cc520c
WT_5mo_4	9.86	50	523	20	Set A; F7; UDP0054	GCATAAGCTT	TTCCGTCGCA	P250	DNA Shotgun	Illumina DNA Prep	Mice stool	Samples pooled in tube labeled 20230818_NW_Sarkis_Shotgun	/shares/CIBIO-Storage/CM/scratch/data/meta/CM_Matheus_ASO/nR308-L4-G3-P250-GCATAAGCTT-TGCGACGGAA-READ1-Sequences.fastq.gz;/shares/CIBIO-Storage/CM/scratch/data/meta/CM_Matheus_ASO/nR308-L4-G3-P250-GCATAAGCTT-TGCGACGGAA-READ2-Sequences.fastq.gz	MazmanianS_DeCastroFonsecaM_5	d4bd721d-7493-4988-a2c4-c8cfbb2ae2dc
WT_5mo_5	9.86	50	523	20	Set A; G7; UDP0055	CTGAGGAATA	CTTAACCACT	P251	DNA Shotgun	Illumina DNA Prep	Mice stool	Samples pooled in tube labeled 20230818_NW_Sarkis_Shotgun	/shares/CIBIO-Storage/CM/scratch/data/meta/CM_Matheus_ASO/nR308-L4-G3-P251-CTGAGGAATA-AGTGGTTAAG-READ1-Sequences.fastq.gz;/shares/CIBIO-Storage/CM/scratch/data/meta/CM_Matheus_ASO/nR308-L4-G3-P251-CTGAGGAATA-AGTGGTTAAG-READ2-Sequences.fastq.gz	MazmanianS_DeCastroFonsecaM_5	fbbee3c6-6c3e-4433-909a-3023267c7a86
WT_5mo_6	9.86	50	523	20	Set A; H7; UDP0056	AACGCACGAG	GCCTCGGATA	P252	DNA Shotgun	Illumina DNA Prep	Mice stool	Samples pooled in tube labeled 20230818_NW_Sarkis_Shotgun	/shares/CIBIO-Storage/CM/scratch/data/meta/CM_Matheus_ASO/nR308-L4-G3-P252-AACGCACGAG-TATCCGAGGC-READ1-Sequences.fastq.gz;/shares/CIBIO-Storage/CM/scratch/data/meta/CM_Matheus_ASO/nR308-L4-G3-P252-AACGCACGAG-TATCCGAGGC-READ2-Sequences.fastq.gz	MazmanianS_DeCastroFonsecaM_5	2fd57a92-7998-41bc-8719-7cea2c98593d
WT_5mo_7	9.86	50	523	20	Set A; A8; UDP0057	TCTATCCTAA	CGTCGACTGG	P253	DNA Shotgun	Illumina DNA Prep	Mice stool	Samples pooled in tube labeled 20230818_NW_Sarkis_Shotgun	/shares/CIBIO-Storage/CM/scratch/data/meta/CM_Matheus_ASO/nR308-L4-G3-P253-TCTATCCTAA-CCAGTCGACG-READ1-Sequences.fastq.gz;/shares/CIBIO-Storage/CM/scratch/data/meta/CM_Matheus_ASO/nR308-L4-G3-P253-TCTATCCTAA-CCAGTCGACG-READ2-Sequences.fastq.gz	MazmanianS_DeCastroFonsecaM_5	97be28ae-1528-4d96-89ed-fbe1194930b2
WT_5mo_8	9.86	50	523	20	Set A; B8; UDP0058	CTCGCTTCGG	TACTAGTCAA	P254	DNA Shotgun	Illumina DNA Prep	Mice stool	Samples pooled in tube labeled 20230818_NW_Sarkis_Shotgun	/shares/CIBIO-Storage/CM/scratch/data/meta/CM_Matheus_ASO/nR308-L4-G3-P254-CTCGCTTCGG-TTGACTAGTA-READ1-Sequences.fastq.gz;/shares/CIBIO-Storage/CM/scratch/data/meta/CM_Matheus_ASO/nR308-L4-G3-P254-CTCGCTTCGG-TTGACTAGTA-READ2-Sequences.fastq.gz	MazmanianS_DeCastroFonsecaM_5	253ca89a-7674-4535-b32e-ef636a917d53
WT_5mo_9	9.86	50	523	20	Set A; C8; UDP0059	CTGTTGGTCC	ATAGACCGTT	P255	DNA Shotgun	Illumina DNA Prep	Mice stool	Samples pooled in tube labeled 20230818_NW_Sarkis_Shotgun	/shares/CIBIO-Storage/CM/scratch/data/meta/CM_Matheus_ASO/nR308-L4-G3-P255-CTGTTGGTCC-AACGGTCTAT-READ1-Sequences.fastq.gz;/shares/CIBIO-Storage/CM/scratch/data/meta/CM_Matheus_ASO/nR308-L4-G3-P255-CTGTTGGTCC-AACGGTCTAT-READ2-Sequences.fastq.gz	MazmanianS_DeCastroFonsecaM_5	0499f376-ecd2-430b-90a9-4b7a430056b8
WT_5mo_10	9.86	50	523	20	Set A; A3; UDP0017	GAGAATGGTT	TCGGCAGCAA	P256	DNA Shotgun	Illumina DNA Prep	Mice stool	Samples pooled in tube labeled 20230818_NW_Sarkis_Shotgun	/shares/CIBIO-Storage/CM/scratch/data/meta/CM_Matheus_ASO/nR308-L4-G3-P256-GAGAATGGTT-TTGCTGCCGA-READ1-Sequences.fastq.gz;/shares/CIBIO-Storage/CM/scratch/data/meta/CM_Matheus_ASO/nR308-L4-G3-P256-GAGAATGGTT-TTGCTGCCGA-READ2-Sequences.fastq.gz	MazmanianS_DeCastroFonsecaM_5	591d4f4a-e797-457c-ba1b-957addf98e6f
ASO_2mo_1	9.86	50	523	20	Set A; A5; UDP0033	TGATTATACG	GTCGATTACA	P257	DNA Shotgun	Illumina DNA Prep	Mice stool	Samples pooled in tube labeled 20230818_NW_Sarkis_Shotgun	/shares/CIBIO-Storage/CM/scratch/data/meta/CM_Matheus_ASO/nR308-L4-G3-P257-TGATTATACG-TGTAATCGAC-READ1-Sequences.fastq.gz;/shares/CIBIO-Storage/CM/scratch/data/meta/CM_Matheus_ASO/nR308-L4-G3-P257-TGATTATACG-TGTAATCGAC-READ2-Sequences.fastq.gz	MazmanianS_DeCastroFonsecaM_5	e9ab3dd5-9445-43dd-afe0-dfa287b05c89
ASO_2mo_2	9.86	50	523	20	Set A; B5; UDP0034	CAGCCGCGTA	ACTAGCCGTG	P258	DNA Shotgun	Illumina DNA Prep	Mice stool	Samples pooled in tube labeled 20230818_NW_Sarkis_Shotgun	/shares/CIBIO-Storage/CM/scratch/data/meta/CM_Matheus_ASO/nR308-L4-G3-P258-CAGCCGCGTA-CACGGCTAGT-READ1-Sequences.fastq.gz;/shares/CIBIO-Storage/CM/scratch/data/meta/CM_Matheus_ASO/nR308-L4-G3-P258-CAGCCGCGTA-CACGGCTAGT-READ2-Sequences.fastq.gz	MazmanianS_DeCastroFonsecaM_5	8e896d35-988d-414f-bf3d-ff876f98bfe4
ASO_2mo_3	9.86	50	523	20	Set A; C5; UDP0035	GGTAACTCGC	AAGTTGGTGA	P259	DNA Shotgun	Illumina DNA Prep	Mice stool	Samples pooled in tube labeled 20230818_NW_Sarkis_Shotgun	/shares/CIBIO-Storage/CM/scratch/data/meta/CM_Matheus_ASO/nR308-L4-G3-P259-GGTAACTCGC-TCACCAACTT-READ1-Sequences.fastq.gz;/shares/CIBIO-Storage/CM/scratch/data/meta/CM_Matheus_ASO/nR308-L4-G3-P259-GGTAACTCGC-TCACCAACTT-READ2-Sequences.fastq.gz	MazmanianS_DeCastroFonsecaM_5	9ee92513-af3a-40ee-b807-2f4f38dd7ccd
ASO_2mo_4	9.86	50	523	20	Set A; D5; UDP0036	ACCGGCCGTA	TGGCAATATT	P260	DNA Shotgun	Illumina DNA Prep	Mice stool	Samples pooled in tube labeled 20230818_NW_Sarkis_Shotgun	/shares/CIBIO-Storage/CM/scratch/data/meta/CM_Matheus_ASO/nR308-L4-G3-P260-ACCGGCCGTA-AATATTGCCA-READ1-Sequences.fastq.gz;/shares/CIBIO-Storage/CM/scratch/data/meta/CM_Matheus_ASO/nR308-L4-G3-P260-ACCGGCCGTA-AATATTGCCA-READ2-Sequences.fastq.gz	MazmanianS_DeCastroFonsecaM_5	7af2c0a1-701b-49f9-b971-c4d5d0be4dd2
ASO_2mo_5	9.86	50	523	20	Set A; E5; UDP0037	TGTAATCGAC	GATCACCGCG	P261	DNA Shotgun	Illumina DNA Prep	Mice stool	Samples pooled in tube labeled 20230818_NW_Sarkis_Shotgun	/shares/CIBIO-Storage/CM/scratch/data/meta/CM_Matheus_ASO/nR308-L4-G3-P261-TGTAATCGAC-CGCGGTGATC-READ1-Sequences.fastq.gz;/shares/CIBIO-Storage/CM/scratch/data/meta/CM_Matheus_ASO/nR308-L4-G3-P261-TGTAATCGAC-CGCGGTGATC-READ2-Sequences.fastq.gz	MazmanianS_DeCastroFonsecaM_5	e72a025f-c920-4f24-bdef-eace6f900078
ASO_2mo_6	9.86	50	523	20	Set A; F5; UDP0038	GTGCAGACAG	TACCATCCGT	P262	DNA Shotgun	Illumina DNA Prep	Mice stool	Samples pooled in tube labeled 20230818_NW_Sarkis_Shotgun	/shares/CIBIO-Storage/CM/scratch/data/meta/CM_Matheus_ASO/nR308-L4-G3-P262-GTGCAGACAG-ACGGATGGTA-READ1-Sequences.fastq.gz;/shares/CIBIO-Storage/CM/scratch/data/meta/CM_Matheus_ASO/nR308-L4-G3-P262-GTGCAGACAG-ACGGATGGTA-READ2-Sequences.fastq.gz	MazmanianS_DeCastroFonsecaM_5	bd49ae7c-c646-4faa-a333-a248b9df31f8
ASO_2mo_7	9.86	50	523	20	Set A; G5; UDP0039	CAATCGGCTG	GCTGTAGGAA	P263	DNA Shotgun	Illumina DNA Prep	Mice stool	Samples pooled in tube labeled 20230818_NW_Sarkis_Shotgun	/shares/CIBIO-Storage/CM/scratch/data/meta/CM_Matheus_ASO/nR308-L4-G3-P263-CAATCGGCTG-TTCCTACAGC-READ1-Sequences.fastq.gz;/shares/CIBIO-Storage/CM/scratch/data/meta/CM_Matheus_ASO/nR308-L4-G3-P263-CAATCGGCTG-TTCCTACAGC-READ2-Sequences.fastq.gz	MazmanianS_DeCastroFonsecaM_5	6f17aaf0-6da8-4421-a903-30c4ecbfafd3
ASO_2mo_8	9.86	50	523	20	Set A; H5; UDP0040	TATGTAGTCA	CGCACTAATG	P264	DNA Shotgun	Illumina DNA Prep	Mice stool	Samples pooled in tube labeled 20230818_NW_Sarkis_Shotgun	/shares/CIBIO-Storage/CM/scratch/data/meta/CM_Matheus_ASO/nR308-L4-G3-P264-TATGTAGTCA-CATTAGTGCG-READ1-Sequences.fastq.gz;/shares/CIBIO-Storage/CM/scratch/data/meta/CM_Matheus_ASO/nR308-L4-G3-P264-TATGTAGTCA-CATTAGTGCG-READ2-Sequences.fastq.gz	MazmanianS_DeCastroFonsecaM_5	99703085-9be7-4dda-9d14-61543909482b
ASO_2mo_9	9.86	50	523	20	Set A; C9; UDP0067	AGGATGTGCT	TTACAATTCC	P265	DNA Shotgun	Illumina DNA Prep	Mice stool	Samples pooled in tube labeled 20230818_NW_Sarkis_Shotgun	/shares/CIBIO-Storage/CM/scratch/data/meta/CM_Matheus_ASO/nR308-L4-G3-P265-AGGATGTGCT-GGAATTGTAA-READ1-Sequences.fastq.gz;/shares/CIBIO-Storage/CM/scratch/data/meta/CM_Matheus_ASO/nR308-L4-G3-P265-AGGATGTGCT-GGAATTGTAA-READ2-Sequences.fastq.gz	MazmanianS_DeCastroFonsecaM_5	0eb77d2e-036e-4e3f-a9d0-ffb23d97be01
ASO_2mo_10	9.86	50	523	20	Set A; B9; UDP0066	ATACCAACGC	AATTGCTGCG	P266	DNA Shotgun	Illumina DNA Prep	Mice stool	Samples pooled in tube labeled 20230818_NW_Sarkis_Shotgun	/shares/CIBIO-Storage/CM/scratch/data/meta/CM_Matheus_ASO/nR308-L4-G3-P266-ATACCAACGC-CGCAGCAATT-READ1-Sequences.fastq.gz;/shares/CIBIO-Storage/CM/scratch/data/meta/CM_Matheus_ASO/nR308-L4-G3-P266-ATACCAACGC-CGCAGCAATT-READ2-Sequences.fastq.gz	MazmanianS_DeCastroFonsecaM_5	8904f901-e376-4008-84fc-539c0f3dcf0a
ASO_5mo_1	9.86	50	523	20	Set A; A1; UDP0001	GAACTGAGCG	TCGTGGAGCG	P267	DNA Shotgun	Illumina DNA Prep	Mice stool	Samples pooled in tube labeled 20230818_NW_Sarkis_Shotgun	/shares/CIBIO-Storage/CM/scratch/data/meta/CM_Matheus_ASO/nR308-L4-G3-P267-GAACTGAGCG-CGCTCCACGA-READ1-Sequences.fastq.gz;/shares/CIBIO-Storage/CM/scratch/data/meta/CM_Matheus_ASO/nR308-L4-G3-P267-GAACTGAGCG-CGCTCCACGA-READ2-Sequences.fastq.gz	MazmanianS_DeCastroFonsecaM_5	19acccb1-2116-402b-8b07-0ffa198771e7
ASO_5mo_2	9.86	50	523	20	Set A; B1; UDP0002	AGGTCAGATA	CTACAAGATA	P268	DNA Shotgun	Illumina DNA Prep	Mice stool	Samples pooled in tube labeled 20230818_NW_Sarkis_Shotgun	/shares/CIBIO-Storage/CM/scratch/data/meta/CM_Matheus_ASO/nR308-L4-G3-P268-AGGTCAGATA-TATCTTGTAG-READ1-Sequences.fastq.gz;/shares/CIBIO-Storage/CM/scratch/data/meta/CM_Matheus_ASO/nR308-L4-G3-P268-AGGTCAGATA-TATCTTGTAG-READ2-Sequences.fastq.gz	MazmanianS_DeCastroFonsecaM_5	3ab22da4-eafe-4eb4-ab16-f072fdf432e3
ASO_5mo_3	9.86	50	523	20	Set A; C1; UDP0003	CGTCTCATAT	TATAGTAGCT	P269	DNA Shotgun	Illumina DNA Prep	Mice stool	Samples pooled in tube labeled 20230818_NW_Sarkis_Shotgun	/shares/CIBIO-Storage/CM/scratch/data/meta/CM_Matheus_ASO/nR308-L4-G3-P269-CGTCTCATAT-AGCTACTATA-READ1-Sequences.fastq.gz;/shares/CIBIO-Storage/CM/scratch/data/meta/CM_Matheus_ASO/nR308-L4-G3-P269-CGTCTCATAT-AGCTACTATA-READ2-Sequences.fastq.gz	MazmanianS_DeCastroFonsecaM_5	4eb25aec-1d81-4740-842c-313f98582ebb
ASO_5mo_4	9.86	50	523	20	Set A; D1; UDP0004	ATTCCATAAG	TGCCTGGTGG	P270	DNA Shotgun	Illumina DNA Prep	Mice stool	Samples pooled in tube labeled 20230818_NW_Sarkis_Shotgun	/shares/CIBIO-Storage/CM/scratch/data/meta/CM_Matheus_ASO/nR308-L4-G3-P270-ATTCCATAAG-CCACCAGGCA-READ1-Sequences.fastq.gz;/shares/CIBIO-Storage/CM/scratch/data/meta/CM_Matheus_ASO/nR308-L4-G3-P270-ATTCCATAAG-CCACCAGGCA-READ2-Sequences.fastq.gz	MazmanianS_DeCastroFonsecaM_5	45ba615c-7e2d-483f-9d56-322c9820c6d9
ASO_5mo_5	9.86	50	523	20	Set A; E1; UDP0005	GACGAGATTA	ACATTATCCT	P271	DNA Shotgun	Illumina DNA Prep	Mice stool	Samples pooled in tube labeled 20230818_NW_Sarkis_Shotgun	/shares/CIBIO-Storage/CM/scratch/data/meta/CM_Matheus_ASO/nR308-L4-G3-P271-GACGAGATTA-AGGATAATGT-READ1-Sequences.fastq.gz;/shares/CIBIO-Storage/CM/scratch/data/meta/CM_Matheus_ASO/nR308-L4-G3-P271-GACGAGATTA-AGGATAATGT-READ2-Sequences.fastq.gz	MazmanianS_DeCastroFonsecaM_5	58296f8f-cc59-4703-bccd-f57afff7f0ad
ASO_5mo_6	9.86	50	523	20	Set A; F1; UDP0006	AACATCGCGC	GTCCACTTGT	P272	DNA Shotgun	Illumina DNA Prep	Mice stool	Samples pooled in tube labeled 20230818_NW_Sarkis_Shotgun	/shares/CIBIO-Storage/CM/scratch/data/meta/CM_Matheus_ASO/nR308-L4-G3-P272-AACATCGCGC-ACAAGTGGAC-READ1-Sequences.fastq.gz;/shares/CIBIO-Storage/CM/scratch/data/meta/CM_Matheus_ASO/nR308-L4-G3-P272-AACATCGCGC-ACAAGTGGAC-READ2-Sequences.fastq.gz	MazmanianS_DeCastroFonsecaM_5	56e89e3f-7a54-4cb6-9efa-1a3e45e6221d
ASO_5mo_7	9.86	50	523	20	Set A; G1; UDP0007	CTAGTGCTCT	TGGAACAGTA	P273	DNA Shotgun	Illumina DNA Prep	Mice stool	Samples pooled in tube labeled 20230818_NW_Sarkis_Shotgun	/shares/CIBIO-Storage/CM/scratch/data/meta/CM_Matheus_ASO/nR308-L4-G3-P273-CTAGTGCTCT-TACTGTTCCA-READ1-Sequences.fastq.gz;/shares/CIBIO-Storage/CM/scratch/data/meta/CM_Matheus_ASO/nR308-L4-G3-P273-CTAGTGCTCT-TACTGTTCCA-READ2-Sequences.fastq.gz	MazmanianS_DeCastroFonsecaM_5	28f0142a-0434-4a3b-8a01-9199672ad601
ASO_5mo_8	9.86	50	523	20	Set A; H1; UDP0008	GATCAAGGCA	CCTTGTTAAT	P274	DNA Shotgun	Illumina DNA Prep	Mice stool	Samples pooled in tube labeled 20230818_NW_Sarkis_Shotgun	/shares/CIBIO-Storage/CM/scratch/data/meta/CM_Matheus_ASO/nR308-L4-G3-P274-GATCAAGGCA-ATTAACAAGG-READ1-Sequences.fastq.gz;/shares/CIBIO-Storage/CM/scratch/data/meta/CM_Matheus_ASO/nR308-L4-G3-P274-GATCAAGGCA-ATTAACAAGG-READ2-Sequences.fastq.gz	MazmanianS_DeCastroFonsecaM_5	528eb812-5899-45b0-ab47-c40efa22c7b7
ASO_5mo_9	9.86	50	523	20	Set A; A2; UDP0009	GACTGAGTAG	GTTGATAGTG	P275	DNA Shotgun	Illumina DNA Prep	Mice stool	Samples pooled in tube labeled 20230818_NW_Sarkis_Shotgun	/shares/CIBIO-Storage/CM/scratch/data/meta/CM_Matheus_ASO/nR308-L4-G3-P275-GACTGAGTAG-CACTATCAAC-READ1-Sequences.fastq.gz;/shares/CIBIO-Storage/CM/scratch/data/meta/CM_Matheus_ASO/nR308-L4-G3-P275-GACTGAGTAG-CACTATCAAC-READ2-Sequences.fastq.gz	MazmanianS_DeCastroFonsecaM_5	b38488f3-ad61-43a3-99d5-980815464046
ASO_5mo_10	9.86	50	523	20	Set A; B2; UDP0010	AGTCAGACGA	ACCAGCGACA	P276	DNA Shotgun	Illumina DNA Prep	Mice stool	Samples pooled in tube labeled 20230818_NW_Sarkis_Shotgun	/shares/CIBIO-Storage/CM/scratch/data/meta/CM_Matheus_ASO/nR308-L4-G3-P276-AGTCAGACGA-TGTCGCTGGT-READ1-Sequences.fastq.gz;/shares/CIBIO-Storage/CM/scratch/data/meta/CM_Matheus_ASO/nR308-L4-G3-P276-AGTCAGACGA-TGTCGCTGGT-READ2-Sequences.fastq.gz	MazmanianS_DeCastroFonsecaM_5	38b30301-744e-4dc8-af45-f381a3fda6a2
WT_12mo_1	9.86	50	523	20	Set A; C2; UDP0011	CCGTATGTTC	CATACACTGT	P277	DNA Shotgun	Illumina DNA Prep	Mice stool	Samples pooled in tube labeled 20230818_NW_Sarkis_Shotgun	/shares/CIBIO-Storage/CM/scratch/data/meta/CM_Matheus_ASO/nR308-L4-G3-P277-CCGTATGTTC-ACAGTGTATG-READ1-Sequences.fastq.gz;/shares/CIBIO-Storage/CM/scratch/data/meta/CM_Matheus_ASO/nR308-L4-G3-P277-CCGTATGTTC-ACAGTGTATG-READ2-Sequences.fastq.gz	MazmanianS_DeCastroFonsecaM_5	78550dee-6b6c-4fd2-bf73-3f435cb913f8
WT_12mo_2	9.86	50	523	20	Set A; D2; UDP0012	GAGTCATAGG	GTGTGGCGCT	P278	DNA Shotgun	Illumina DNA Prep	Mice stool	Samples pooled in tube labeled 20230818_NW_Sarkis_Shotgun	/shares/CIBIO-Storage/CM/scratch/data/meta/CM_Matheus_ASO/nR308-L4-G3-P278-GAGTCATAGG-AGCGCCACAC-READ1-Sequences.fastq.gz;/shares/CIBIO-Storage/CM/scratch/data/meta/CM_Matheus_ASO/nR308-L4-G3-P278-GAGTCATAGG-AGCGCCACAC-READ2-Sequences.fastq.gz	MazmanianS_DeCastroFonsecaM_5	87095a40-28c5-4d20-a764-490e4a6f4fa0
WT_12mo_3	9.86	50	523	20	Set A; E2; UDP0013	CTTGCCATTA	ATCACGAAGG	P279	DNA Shotgun	Illumina DNA Prep	Mice stool	Samples pooled in tube labeled 20230818_NW_Sarkis_Shotgun	/shares/CIBIO-Storage/CM/scratch/data/meta/CM_Matheus_ASO/nR308-L4-G3-P279-CTTGCCATTA-CCTTCGTGAT-READ1-Sequences.fastq.gz;/shares/CIBIO-Storage/CM/scratch/data/meta/CM_Matheus_ASO/nR308-L4-G3-P279-CTTGCCATTA-CCTTCGTGAT-READ2-Sequences.fastq.gz	MazmanianS_DeCastroFonsecaM_5	6d0fcec4-a829-49f3-9704-85a1aaab7d49
WT_12mo_4	9.86	50	523	20	Set A; F2; UDP0014	GAAGCGGCAC	CGGCTCTACT	P280	DNA Shotgun	Illumina DNA Prep	Mice stool	Samples pooled in tube labeled 20230818_NW_Sarkis_Shotgun	/shares/CIBIO-Storage/CM/scratch/data/meta/CM_Matheus_ASO/nR308-L4-G3-P280-GAAGCGGCAC-AGTAGAGCCG-READ1-Sequences.fastq.gz;/shares/CIBIO-Storage/CM/scratch/data/meta/CM_Matheus_ASO/nR308-L4-G3-P280-GAAGCGGCAC-AGTAGAGCCG-READ2-Sequences.fastq.gz	MazmanianS_DeCastroFonsecaM_5	3af7a5a2-40ce-4dbc-81f5-56746c891392
WT_12mo_5	9.86	50	523	20	Set A; G2; UDP0015	TCCATTGCCG	GAATGCACGA	P281	DNA Shotgun	Illumina DNA Prep	Mice stool	Samples pooled in tube labeled 20230818_NW_Sarkis_Shotgun	/shares/CIBIO-Storage/CM/scratch/data/meta/CM_Matheus_ASO/nR308-L4-G3-P281-TCCATTGCCG-TCGTGCATTC-READ1-Sequences.fastq.gz;/shares/CIBIO-Storage/CM/scratch/data/meta/CM_Matheus_ASO/nR308-L4-G3-P281-TCCATTGCCG-TCGTGCATTC-READ2-Sequences.fastq.gz	MazmanianS_DeCastroFonsecaM_5	ebe2a1e7-eb6f-4c1e-bfac-b2cd72730bd5
WT_12mo_6	9.86	50	523	20	Set A; H2; UDP0016	CGGTTACGGC	AAGACTATAG	P282	DNA Shotgun	Illumina DNA Prep	Mice stool	Samples pooled in tube labeled 20230818_NW_Sarkis_Shotgun	/shares/CIBIO-Storage/CM/scratch/data/meta/CM_Matheus_ASO/nR308-L4-G3-P282-CGGTTACGGC-CTATAGTCTT-READ1-Sequences.fastq.gz;/shares/CIBIO-Storage/CM/scratch/data/meta/CM_Matheus_ASO/nR308-L4-G3-P282-CGGTTACGGC-CTATAGTCTT-READ2-Sequences.fastq.gz	MazmanianS_DeCastroFonsecaM_5	ab9622fa-f701-4fb0-9704-ec46c071d8a7
WT_12mo_7	9.86	50	523	20	Set A; B3; UDP0018	AGAGGCAACC	CTAATGATGG	P283	DNA Shotgun	Illumina DNA Prep	Mice stool	Samples pooled in tube labeled 20230818_NW_Sarkis_Shotgun	/shares/CIBIO-Storage/CM/scratch/data/meta/CM_Matheus_ASO/nR308-L4-G3-P283-AGAGGCAACC-CCATCATTAG-READ1-Sequences.fastq.gz;/shares/CIBIO-Storage/CM/scratch/data/meta/CM_Matheus_ASO/nR308-L4-G3-P283-AGAGGCAACC-CCATCATTAG-READ2-Sequences.fastq.gz	MazmanianS_DeCastroFonsecaM_5	86057d76-c775-4500-89ea-aef25f7c4372
WT_12mo_8	9.86	50	523	20	Set A; C3; UDP0019	CCATCATTAG	GGTTGCCTCT	P284	DNA Shotgun	Illumina DNA Prep	Mice stool	Samples pooled in tube labeled 20230818_NW_Sarkis_Shotgun	/shares/CIBIO-Storage/CM/scratch/data/meta/CM_Matheus_ASO/nR308-L4-G3-P284-CCATCATTAG-AGAGGCAACC-READ1-Sequences.fastq.gz;/shares/CIBIO-Storage/CM/scratch/data/meta/CM_Matheus_ASO/nR308-L4-G3-P284-CCATCATTAG-AGAGGCAACC-READ2-Sequences.fastq.gz	MazmanianS_DeCastroFonsecaM_5	4a82e087-a8bd-4d6f-aee7-b54cdb9011f6
WT_12mo_9	9.86	50	523	20	Set A; D3; UDP0020	GATAGGCCGA	CGCACATGGC	P285	DNA Shotgun	Illumina DNA Prep	Mice stool	Samples pooled in tube labeled 20230818_NW_Sarkis_Shotgun	/shares/CIBIO-Storage/CM/scratch/data/meta/CM_Matheus_ASO/nR308-L4-G3-P285-GATAGGCCGA-GCCATGTGCG-READ1-Sequences.fastq.gz;/shares/CIBIO-Storage/CM/scratch/data/meta/CM_Matheus_ASO/nR308-L4-G3-P285-GATAGGCCGA-GCCATGTGCG-READ2-Sequences.fastq.gz	MazmanianS_DeCastroFonsecaM_5	70f83e64-3fe2-4880-8a36-d19b634ee6ab
WT_12mo_10	9.86	50	523	20	Set A; E3; UDP0021	ATGGTTGACT	GGCCTGTCCT	P286	DNA Shotgun	Illumina DNA Prep	Mice stool	Samples pooled in tube labeled 20230818_NW_Sarkis_Shotgun	/shares/CIBIO-Storage/CM/scratch/data/meta/CM_Matheus_ASO/nR308-L4-G3-P286-ATGGTTGACT-AGGACAGGCC-READ1-Sequences.fastq.gz;/shares/CIBIO-Storage/CM/scratch/data/meta/CM_Matheus_ASO/nR308-L4-G3-P286-ATGGTTGACT-AGGACAGGCC-READ2-Sequences.fastq.gz	MazmanianS_DeCastroFonsecaM_5	3f3b14ee-348e-4ce4-bfce-9033564e2cc7
