TGen_Subject_Name	TGen_Sample_ID	Subject_ID	Sample_ID	Index1	Index2	Flow_Cell_ID	file_paths	study_name	uuid
Caltech_0084	A37847	ASOaFMT_1	ASOaFMT_1	CACACAGTAT	TTAGGCTCAA	22WCLFLT4	/shares/CIBIO-Storage/CM/scratch/data/meta/CM_Matheus_ASO/Caltech_0084_1_UN_Whole_C1_NFWGS_A37847_22WCLFLT4_CACACAGTAT_L008_R1_001.fastq.gz;/shares/CIBIO-Storage/CM/scratch/data/meta/CM_Matheus_ASO/Caltech_0084_1_UN_Whole_C1_NFWGS_A37847_22WCLFLT4_CACACAGTAT_L008_R2_001.fastq.gz	MazmanianS_DeCastroFonsecaM_5	fe578ef4-d87b-4e3a-b295-eaf5478f07be
Caltech_0085	A37848	ASOaFMT_2	ASOaFMT_2	TCTTGTCGGC	ACACAGGTGG	22WCLFLT4	/shares/CIBIO-Storage/CM/scratch/data/meta/CM_Matheus_ASO/Caltech_0085_1_UN_Whole_C1_NFWGS_A37848_22WCLFLT4_TCTTGTCGGC_L008_R1_001.fastq.gz;/shares/CIBIO-Storage/CM/scratch/data/meta/CM_Matheus_ASO/Caltech_0085_1_UN_Whole_C1_NFWGS_A37848_22WCLFLT4_TCTTGTCGGC_L008_R2_001.fastq.gz	MazmanianS_DeCastroFonsecaM_5	07248d77-a19a-4e38-a478-7f5444256553
Caltech_0086	A37849	ASOaFMT_3	ASOaFMT_3	TACCGCCTCG	GGTTGCGAGG	22WCLFLT4	/shares/CIBIO-Storage/CM/scratch/data/meta/CM_Matheus_ASO/Caltech_0086_1_UN_Whole_C1_NFWGS_A37849_22WCLFLT4_TACCGCCTCG_L008_R1_001.fastq.gz;/shares/CIBIO-Storage/CM/scratch/data/meta/CM_Matheus_ASO/Caltech_0086_1_UN_Whole_C1_NFWGS_A37849_22WCLFLT4_TACCGCCTCG_L008_R2_001.fastq.gz	MazmanianS_DeCastroFonsecaM_5	1e0d35f8-fc71-47ff-ad54-5ff6010af23e
Caltech_0087	A37850	ASOaFMT_4	ASOaFMT_4	CTGTTATATC	ACAGCTATAC	22WCLFLT4	/shares/CIBIO-Storage/CM/scratch/data/meta/CM_Matheus_ASO/Caltech_0087_1_UN_Whole_C1_NFWGS_A37850_22WCLFLT4_CTGTTATATC_L008_R1_001.fastq.gz;/shares/CIBIO-Storage/CM/scratch/data/meta/CM_Matheus_ASO/Caltech_0087_1_UN_Whole_C1_NFWGS_A37850_22WCLFLT4_CTGTTATATC_L008_R2_001.fastq.gz	MazmanianS_DeCastroFonsecaM_5	764ffcf0-256d-4d4d-816e-9dec39deb392
Caltech_0088	A37851	ASOaFMT_5	ASOaFMT_5	TAACCGGCGA	CTAATGTAGC	22WCLFLT4	/shares/CIBIO-Storage/CM/scratch/data/meta/CM_Matheus_ASO/Caltech_0088_1_UN_Whole_C1_NFWGS_A37851_22WCLFLT4_TAACCGGCGA_L008_R1_001.fastq.gz;/shares/CIBIO-Storage/CM/scratch/data/meta/CM_Matheus_ASO/Caltech_0088_1_UN_Whole_C1_NFWGS_A37851_22WCLFLT4_TAACCGGCGA_L008_R2_001.fastq.gz	MazmanianS_DeCastroFonsecaM_5	dec1dd17-0e3b-41c8-afcb-ef76034d0ede
Caltech_0089	A37852	ASOaFMT_6	ASOaFMT_6	AAGAGAGTCT	AAGATTCGTA	22WCLFLT4	/shares/CIBIO-Storage/CM/scratch/data/meta/CM_Matheus_ASO/Caltech_0089_1_UN_Whole_C1_NFWGS_A37852_22WCLFLT4_AAGAGAGTCT_L008_R1_001.fastq.gz;/shares/CIBIO-Storage/CM/scratch/data/meta/CM_Matheus_ASO/Caltech_0089_1_UN_Whole_C1_NFWGS_A37852_22WCLFLT4_AAGAGAGTCT_L008_R2_001.fastq.gz	MazmanianS_DeCastroFonsecaM_5	31c39f82-edc3-4d50-a3ff-fffb4501a787
Caltech_0090	A37853	ASOaFMT_7	ASOaFMT_7	GTAGGCGAGC	TGCGCTCCTA	22WCLFLT4	/shares/CIBIO-Storage/CM/scratch/data/meta/CM_Matheus_ASO/Caltech_0090_1_UN_Whole_C1_NFWGS_A37853_22WCLFLT4_GTAGGCGAGC_L008_R1_001.fastq.gz;/shares/CIBIO-Storage/CM/scratch/data/meta/CM_Matheus_ASO/Caltech_0090_1_UN_Whole_C1_NFWGS_A37853_22WCLFLT4_GTAGGCGAGC_L008_R2_001.fastq.gz	MazmanianS_DeCastroFonsecaM_5	3d4ff822-01ac-468a-8909-0852029b9b55
Caltech_0091	A37854	ASOaFMT_8	ASOaFMT_8	AACTTATCCT	ACGCCAGTAC	22WCLFLT4	/shares/CIBIO-Storage/CM/scratch/data/meta/CM_Matheus_ASO/Caltech_0091_1_UN_Whole_C1_NFWGS_A37854_22WCLFLT4_AACTTATCCT_L008_R1_001.fastq.gz;/shares/CIBIO-Storage/CM/scratch/data/meta/CM_Matheus_ASO/Caltech_0091_1_UN_Whole_C1_NFWGS_A37854_22WCLFLT4_AACTTATCCT_L008_R2_001.fastq.gz	MazmanianS_DeCastroFonsecaM_5	4afb402e-c54c-4c29-9d9e-d5e3c660ae7b
Caltech_0092	A37855	ASOaFMT_9	ASOaFMT_9	ATTATGTCTC	GCTCTTAACT	22WCLFLT4	/shares/CIBIO-Storage/CM/scratch/data/meta/CM_Matheus_ASO/Caltech_0092_1_UN_Whole_C1_NFWGS_A37855_22WCLFLT4_ATTATGTCTC_L008_R1_001.fastq.gz;/shares/CIBIO-Storage/CM/scratch/data/meta/CM_Matheus_ASO/Caltech_0092_1_UN_Whole_C1_NFWGS_A37855_22WCLFLT4_ATTATGTCTC_L008_R2_001.fastq.gz	MazmanianS_DeCastroFonsecaM_5	bfb24662-4fbb-426a-a6dc-83cc83ff27ac
Caltech_0093	A37856	ASOaFMT_10	ASOaFMT_10	TATAACAGCT	TTATACGCGA	22WCLFLT4	/shares/CIBIO-Storage/CM/scratch/data/meta/CM_Matheus_ASO/Caltech_0093_1_UN_Whole_C1_NFWGS_A37856_22WCLFLT4_TATAACAGCT_L008_R1_001.fastq.gz;/shares/CIBIO-Storage/CM/scratch/data/meta/CM_Matheus_ASO/Caltech_0093_1_UN_Whole_C1_NFWGS_A37856_22WCLFLT4_TATAACAGCT_L008_R2_001.fastq.gz	MazmanianS_DeCastroFonsecaM_5	0ae04ca1-09ab-414c-91b3-a9d8d2fe7d23
