sample_id	subject_id	control	country	body_site	body_site_details	age	age_group	age_unit	ancestry	ancestry_details	antibiotics_current_use	biomarker	bmi	days_from_first_collection	dietary_restriction	disease	disease_details	disease_response_orr	disease_response_pfs	disease_response_pfs_month	disease_response_recist	dna_extraction_kit	family	family_role	feces_phenotype	fmt_id	fmt_role	hla	lifestyle	location	median_read_length	minimum_read_length	ncbi_accession	neonatal_birth_weight	neonatal_delivery_procedure	neonatal_feeding_method	neonatal_gestational_age	neonatal_preterm_birth	number_bases	number_reads	obgyn_birth_control	obgyn_lactating	obgyn_menopause	obgyn_pregnancy	pmid	probing_pocket_depth	sequencing_platform	sex	smoker	subcohort	treatment	tumor_staging_ajcc	tumor_staging_tnm	westernized	zigosity	uncurated_metadata	housing_cage	cohort	file_paths	uuid
1W-F	2272	NA	NA	NA	NA	18	NA	weeks	NA	NA	NA	NA	NA	NA	NA	WT	NA	NA	NA	NA	NA	Qiagen PowerFecal Pro	NA	NA	NA	NA	NA	NA	NA	NA	NA	NA	NA	NA	NA	NA	NA	NA	NA	NA	NA	NA	NA	NA	NA	NA	NA	Male	NA	Fp7-1	Vehicle	NA	NA	NA	NA	NA	1	Fp7	/shares/CIBIO-Storage/CM/scratch/data/meta/CM_caltec_001_1024/CALTEC-001-1W-F/CALTEC-001-1W-F_R1.fastq.gz;/shares/CIBIO-Storage/CM/scratch/data/meta/CM_caltec_001_1024/CALTEC-001-1W-F/CALTEC-001-1W-F_R2.fastq.gz;	9a286a2c-9707-40e6-bd14-9933cb9a3f6d
2W-F	2273	NA	NA	NA	NA	18	NA	weeks	NA	NA	NA	NA	NA	NA	NA	WT	NA	NA	NA	NA	NA	Qiagen PowerFecal Pro	NA	NA	NA	NA	NA	NA	NA	NA	NA	NA	NA	NA	NA	NA	NA	NA	NA	NA	NA	NA	NA	NA	NA	NA	NA	Male	NA	Fp7-1	Vehicle	NA	NA	NA	NA	NA	1	Fp7	/shares/CIBIO-Storage/CM/scratch/data/meta/CM_caltec_001_1024/CALTEC-001-2W-F/CALTEC-001-2W-F_R1.fastq.gz;/shares/CIBIO-Storage/CM/scratch/data/meta/CM_caltec_001_1024/CALTEC-001-2W-F/CALTEC-001-2W-F_R2.fastq.gz;	ccb92ffd-0af2-47b4-b1a9-bd9b7101564a
3W-F	2302	NA	NA	NA	NA	18	NA	weeks	NA	NA	NA	NA	NA	NA	NA	WT	NA	NA	NA	NA	NA	Qiagen PowerFecal Pro	NA	NA	NA	NA	NA	NA	NA	NA	NA	NA	NA	NA	NA	NA	NA	NA	NA	NA	NA	NA	NA	NA	NA	NA	NA	Male	NA	Fp7-1	Vehicle	NA	NA	NA	NA	NA	2	Fp7	/shares/CIBIO-Storage/CM/scratch/data/meta/CM_caltec_001_1024/CALTEC-001-3W-F/CALTEC-001-3W-F_R1.fastq.gz;/shares/CIBIO-Storage/CM/scratch/data/meta/CM_caltec_001_1024/CALTEC-001-3W-F/CALTEC-001-3W-F_R2.fastq.gz;	37826a15-5cb5-4914-af05-483fd12c9bab
4W-F	2304	NA	NA	NA	NA	18	NA	weeks	NA	NA	NA	NA	NA	NA	NA	WT	NA	NA	NA	NA	NA	Qiagen PowerFecal Pro	NA	NA	NA	NA	NA	NA	NA	NA	NA	NA	NA	NA	NA	NA	NA	NA	NA	NA	NA	NA	NA	NA	NA	NA	NA	Male	NA	Fp7-1	Vehicle	NA	NA	NA	NA	NA	3	Fp7	/shares/CIBIO-Storage/CM/scratch/data/meta/CM_caltec_001_1024/CALTEC-001-4W-F/CALTEC-001-4W-F_R1.fastq.gz;/shares/CIBIO-Storage/CM/scratch/data/meta/CM_caltec_001_1024/CALTEC-001-4W-F/CALTEC-001-4W-F_R2.fastq.gz;	215c9033-9769-4ad6-ad14-0e1628d143bd
5W-F	2306	NA	NA	NA	NA	18	NA	weeks	NA	NA	NA	NA	NA	NA	NA	WT	NA	NA	NA	NA	NA	Qiagen PowerFecal Pro	NA	NA	NA	NA	NA	NA	NA	NA	NA	NA	NA	NA	NA	NA	NA	NA	NA	NA	NA	NA	NA	NA	NA	NA	NA	Male	NA	Fp7-1	Vehicle	NA	NA	NA	NA	NA	3	Fp7	/shares/CIBIO-Storage/CM/scratch/data/meta/CM_caltec_001_1024/CALTEC-001-5W-F/CALTEC-001-5W-F_R1.fastq.gz;/shares/CIBIO-Storage/CM/scratch/data/meta/CM_caltec_001_1024/CALTEC-001-5W-F/CALTEC-001-5W-F_R2.fastq.gz;	0055822e-9795-42bc-add8-ea49749c81c0
6W-F	2303	NA	NA	NA	NA	18	NA	weeks	NA	NA	NA	NA	NA	NA	NA	WT	NA	NA	NA	NA	NA	Qiagen PowerFecal Pro	NA	NA	NA	NA	NA	NA	NA	NA	NA	NA	NA	NA	NA	NA	NA	NA	NA	NA	NA	NA	NA	NA	NA	NA	NA	Male	NA	Fp7-1	Vehicle	NA	NA	NA	NA	NA	2	Fp7	/shares/CIBIO-Storage/CM/scratch/data/meta/CM_caltec_001_1024/CALTEC-001-6W-F/CALTEC-001-6W-F_R1.fastq.gz;/shares/CIBIO-Storage/CM/scratch/data/meta/CM_caltec_001_1024/CALTEC-001-6W-F/CALTEC-001-6W-F_R2.fastq.gz;	bdc0399f-0c7f-405f-96e3-33a80e50d08b
7W-F	2311	NA	NA	NA	NA	18	NA	weeks	NA	NA	NA	NA	NA	NA	NA	WT	NA	NA	NA	NA	NA	Qiagen PowerFecal Pro	NA	NA	NA	NA	NA	NA	NA	NA	NA	NA	NA	NA	NA	NA	NA	NA	NA	NA	NA	NA	NA	NA	NA	NA	NA	Male	NA	Fp7-2	Vehicle	NA	NA	NA	NA	NA	14	Fp7	/shares/CIBIO-Storage/CM/scratch/data/meta/CM_caltec_001_1024/CALTEC-001-7W-F/CALTEC-001-7W-F_R1.fastq.gz;/shares/CIBIO-Storage/CM/scratch/data/meta/CM_caltec_001_1024/CALTEC-001-7W-F/CALTEC-001-7W-F_R2.fastq.gz;	9bfa8c84-1533-4e63-8dac-3b4fc9ba95f2
8W-F	2314	NA	NA	NA	NA	18	NA	weeks	NA	NA	NA	NA	NA	NA	NA	WT	NA	NA	NA	NA	NA	Qiagen PowerFecal Pro	NA	NA	NA	NA	NA	NA	NA	NA	NA	NA	NA	NA	NA	NA	NA	NA	NA	NA	NA	NA	NA	NA	NA	NA	NA	Male	NA	Fp7-2	Vehicle	NA	NA	NA	NA	NA	14	Fp7	/shares/CIBIO-Storage/CM/scratch/data/meta/CM_caltec_001_1024/CALTEC-001-8W-F/CALTEC-001-8W-F_R1.fastq.gz;/shares/CIBIO-Storage/CM/scratch/data/meta/CM_caltec_001_1024/CALTEC-001-8W-F/CALTEC-001-8W-F_R2.fastq.gz;	56b624c5-da28-4845-ad43-507c7decd0a7
1C-F	2267	NA	NA	NA	NA	18	NA	weeks	NA	NA	NA	NA	NA	NA	NA	ASO	NA	NA	NA	NA	NA	Qiagen PowerFecal Pro	NA	NA	NA	NA	NA	NA	NA	NA	NA	NA	NA	NA	NA	NA	NA	NA	NA	NA	NA	NA	NA	NA	NA	NA	NA	Male	NA	Fp7-1	Vehicle	NA	NA	NA	NA	NA	4	Fp7	/shares/CIBIO-Storage/CM/scratch/data/meta/CM_caltec_001_1024/CALTEC-001-1C-F/CALTEC-001-1C-F_R1.fastq.gz;/shares/CIBIO-Storage/CM/scratch/data/meta/CM_caltec_001_1024/CALTEC-001-1C-F/CALTEC-001-1C-F_R2.fastq.gz;	849aa860-2de3-43eb-8d56-65b3098128f5
2C-F	2268	NA	NA	NA	NA	18	NA	weeks	NA	NA	NA	NA	NA	NA	NA	ASO	NA	NA	NA	NA	NA	Qiagen PowerFecal Pro	NA	NA	NA	NA	NA	NA	NA	NA	NA	NA	NA	NA	NA	NA	NA	NA	NA	NA	NA	NA	NA	NA	NA	NA	NA	Male	NA	Fp7-1	Vehicle	NA	NA	NA	NA	NA	4	Fp7	/shares/CIBIO-Storage/CM/scratch/data/meta/CM_caltec_001_1024/CALTEC-001-2C-F/CALTEC-001-2C-F_R1.fastq.gz;/shares/CIBIO-Storage/CM/scratch/data/meta/CM_caltec_001_1024/CALTEC-001-2C-F/CALTEC-001-2C-F_R2.fastq.gz;	e6ff9ba7-743c-46ce-b23b-b118f1aa29da
3C-F	2289	NA	NA	NA	NA	18	NA	weeks	NA	NA	NA	NA	NA	NA	NA	ASO	NA	NA	NA	NA	NA	Qiagen PowerFecal Pro	NA	NA	NA	NA	NA	NA	NA	NA	NA	NA	NA	NA	NA	NA	NA	NA	NA	NA	NA	NA	NA	NA	NA	NA	NA	Male	NA	Fp7-1	Vehicle	NA	NA	NA	NA	NA	5	Fp7	/shares/CIBIO-Storage/CM/scratch/data/meta/CM_caltec_001_1024/CALTEC-001-3C-F/CALTEC-001-3C-F_R1.fastq.gz;/shares/CIBIO-Storage/CM/scratch/data/meta/CM_caltec_001_1024/CALTEC-001-3C-F/CALTEC-001-3C-F_R2.fastq.gz;	f4274746-d528-4698-8bb7-06f2aad8f7ea
4C-F	2290	NA	NA	NA	NA	18	NA	weeks	NA	NA	NA	NA	NA	NA	NA	ASO	NA	NA	NA	NA	NA	Qiagen PowerFecal Pro	NA	NA	NA	NA	NA	NA	NA	NA	NA	NA	NA	NA	NA	NA	NA	NA	NA	NA	NA	NA	NA	NA	NA	NA	NA	Male	NA	Fp7-1	Vehicle	NA	NA	NA	NA	NA	5	Fp7	/shares/CIBIO-Storage/CM/scratch/data/meta/CM_caltec_001_1024/CALTEC-001-4C-F/CALTEC-001-4C-F_R1.fastq.gz;/shares/CIBIO-Storage/CM/scratch/data/meta/CM_caltec_001_1024/CALTEC-001-4C-F/CALTEC-001-4C-F_R2.fastq.gz;	18530c2d-c035-4581-8ec1-727ddaab7ddd
5C-F	2298	NA	NA	NA	NA	18	NA	weeks	NA	NA	NA	NA	NA	NA	NA	ASO	NA	NA	NA	NA	NA	Qiagen PowerFecal Pro	NA	NA	NA	NA	NA	NA	NA	NA	NA	NA	NA	NA	NA	NA	NA	NA	NA	NA	NA	NA	NA	NA	NA	NA	NA	Male	NA	Fp7-1	Vehicle	NA	NA	NA	NA	NA	6	Fp7	/shares/CIBIO-Storage/CM/scratch/data/meta/CM_caltec_001_1024/CALTEC-001-5C-F/CALTEC-001-5C-F_R1.fastq.gz;/shares/CIBIO-Storage/CM/scratch/data/meta/CM_caltec_001_1024/CALTEC-001-5C-F/CALTEC-001-5C-F_R2.fastq.gz;	1ffa964b-5399-4ab1-b3f3-4517ab35a079
6C-F	2297	NA	NA	NA	NA	18	NA	weeks	NA	NA	NA	NA	NA	NA	NA	ASO	NA	NA	NA	NA	NA	Qiagen PowerFecal Pro	NA	NA	NA	NA	NA	NA	NA	NA	NA	NA	NA	NA	NA	NA	NA	NA	NA	NA	NA	NA	NA	NA	NA	NA	NA	Male	NA	Fp7-1	Vehicle	NA	NA	NA	NA	NA	6	Fp7	/shares/CIBIO-Storage/CM/scratch/data/meta/CM_caltec_001_1024/CALTEC-001-6C-F/CALTEC-001-6C-F_R1.fastq.gz;/shares/CIBIO-Storage/CM/scratch/data/meta/CM_caltec_001_1024/CALTEC-001-6C-F/CALTEC-001-6C-F_R2.fastq.gz;	eee80cf1-041f-4459-b5d4-42bb908b8749
7C-F	2307	NA	NA	NA	NA	18	NA	weeks	NA	NA	NA	NA	NA	NA	NA	ASO	NA	NA	NA	NA	NA	Qiagen PowerFecal Pro	NA	NA	NA	NA	NA	NA	NA	NA	NA	NA	NA	NA	NA	NA	NA	NA	NA	NA	NA	NA	NA	NA	NA	NA	NA	Male	NA	Fp7-1	Vehicle	NA	NA	NA	NA	NA	7	Fp7	/shares/CIBIO-Storage/CM/scratch/data/meta/CM_caltec_001_1024/CALTEC-001-7C-F/CALTEC-001-7C-F_R1.fastq.gz;/shares/CIBIO-Storage/CM/scratch/data/meta/CM_caltec_001_1024/CALTEC-001-7C-F/CALTEC-001-7C-F_R2.fastq.gz;	6b4ef72a-1384-4259-809f-d73df0ca396e
8C-F	2308	NA	NA	NA	NA	18	NA	weeks	NA	NA	NA	NA	NA	NA	NA	ASO	NA	NA	NA	NA	NA	Qiagen PowerFecal Pro	NA	NA	NA	NA	NA	NA	NA	NA	NA	NA	NA	NA	NA	NA	NA	NA	NA	NA	NA	NA	NA	NA	NA	NA	NA	Male	NA	Fp7-1	Vehicle	NA	NA	NA	NA	NA	7	Fp7	/shares/CIBIO-Storage/CM/scratch/data/meta/CM_caltec_001_1024/CALTEC-001-8C-F/CALTEC-001-8C-F_R1.fastq.gz;/shares/CIBIO-Storage/CM/scratch/data/meta/CM_caltec_001_1024/CALTEC-001-8C-F/CALTEC-001-8C-F_R2.fastq.gz;	0068de06-f21d-4643-b961-62051cc1aa26
1F-F	2276	NA	NA	NA	NA	18	NA	weeks	NA	NA	NA	NA	NA	NA	NA	ASO	NA	NA	NA	NA	NA	Qiagen PowerFecal Pro	NA	NA	NA	NA	NA	NA	NA	NA	NA	NA	NA	NA	NA	NA	NA	NA	NA	NA	NA	NA	NA	NA	NA	NA	NA	Male	NA	Fp7-1	Fp	NA	NA	NA	NA	NA	9	Fp7	/shares/CIBIO-Storage/CM/scratch/data/meta/CM_caltec_001_1024/CALTEC-001-1F-F/CALTEC-001-1F-F_R1.fastq.gz;/shares/CIBIO-Storage/CM/scratch/data/meta/CM_caltec_001_1024/CALTEC-001-1F-F/CALTEC-001-1F-F_R2.fastq.gz;	34c13683-f5d0-4275-a71f-5b377d8a5ae5
2F-F	2277	NA	NA	NA	NA	18	NA	weeks	NA	NA	NA	NA	NA	NA	NA	ASO	NA	NA	NA	NA	NA	Qiagen PowerFecal Pro	NA	NA	NA	NA	NA	NA	NA	NA	NA	NA	NA	NA	NA	NA	NA	NA	NA	NA	NA	NA	NA	NA	NA	NA	NA	Male	NA	Fp7-1	Fp	NA	NA	NA	NA	NA	9	Fp7	/shares/CIBIO-Storage/CM/scratch/data/meta/CM_caltec_001_1024/CALTEC-001-2F-F/CALTEC-001-2F-F_R1.fastq.gz;/shares/CIBIO-Storage/CM/scratch/data/meta/CM_caltec_001_1024/CALTEC-001-2F-F/CALTEC-001-2F-F_R2.fastq.gz;	42f1b0a9-27f0-465e-b946-b675246b412c
3F-F	2280	NA	NA	NA	NA	18	NA	weeks	NA	NA	NA	NA	NA	NA	NA	ASO	NA	NA	NA	NA	NA	Qiagen PowerFecal Pro	NA	NA	NA	NA	NA	NA	NA	NA	NA	NA	NA	NA	NA	NA	NA	NA	NA	NA	NA	NA	NA	NA	NA	NA	NA	Male	NA	Fp7-1	Fp	NA	NA	NA	NA	NA	10	Fp7	/shares/CIBIO-Storage/CM/scratch/data/meta/CM_caltec_001_1024/CALTEC-001-3F-F/CALTEC-001-3F-F_R1.fastq.gz;/shares/CIBIO-Storage/CM/scratch/data/meta/CM_caltec_001_1024/CALTEC-001-3F-F/CALTEC-001-3F-F_R2.fastq.gz;	c777b5ee-8565-4738-a33b-5bba63c4cfd2
4F-F	2281	NA	NA	NA	NA	18	NA	weeks	NA	NA	NA	NA	NA	NA	NA	ASO	NA	NA	NA	NA	NA	Qiagen PowerFecal Pro	NA	NA	NA	NA	NA	NA	NA	NA	NA	NA	NA	NA	NA	NA	NA	NA	NA	NA	NA	NA	NA	NA	NA	NA	NA	Male	NA	Fp7-1	Fp	NA	NA	NA	NA	NA	10	Fp7	/shares/CIBIO-Storage/CM/scratch/data/meta/CM_caltec_001_1024/CALTEC-001-4F-F/CALTEC-001-4F-F_R1.fastq.gz;/shares/CIBIO-Storage/CM/scratch/data/meta/CM_caltec_001_1024/CALTEC-001-4F-F/CALTEC-001-4F-F_R2.fastq.gz;	5e20b57b-2b52-4b22-9888-b1bc9a4ea999
5F-F	2285	NA	NA	NA	NA	18	NA	weeks	NA	NA	NA	NA	NA	NA	NA	ASO	NA	NA	NA	NA	NA	Qiagen PowerFecal Pro	NA	NA	NA	NA	NA	NA	NA	NA	NA	NA	NA	NA	NA	NA	NA	NA	NA	NA	NA	NA	NA	NA	NA	NA	NA	Male	NA	Fp7-1	Fp	NA	NA	NA	NA	NA	11	Fp7	/shares/CIBIO-Storage/CM/scratch/data/meta/CM_caltec_001_1024/CALTEC-001-5F-F/CALTEC-001-5F-F_R1.fastq.gz;/shares/CIBIO-Storage/CM/scratch/data/meta/CM_caltec_001_1024/CALTEC-001-5F-F/CALTEC-001-5F-F_R2.fastq.gz;	06a6ac32-40c7-4c53-87e6-2a92c798234a
6F-F	2284	NA	NA	NA	NA	18	NA	weeks	NA	NA	NA	NA	NA	NA	NA	ASO	NA	NA	NA	NA	NA	Qiagen PowerFecal Pro	NA	NA	NA	NA	NA	NA	NA	NA	NA	NA	NA	NA	NA	NA	NA	NA	NA	NA	NA	NA	NA	NA	NA	NA	NA	Male	NA	Fp7-1	Fp	NA	NA	NA	NA	NA	11	Fp7	/shares/CIBIO-Storage/CM/scratch/data/meta/CM_caltec_001_1024/CALTEC-001-6F-F/CALTEC-001-6F-F_R1.fastq.gz;/shares/CIBIO-Storage/CM/scratch/data/meta/CM_caltec_001_1024/CALTEC-001-6F-F/CALTEC-001-6F-F_R2.fastq.gz;	6aff3699-7a68-4151-87de-01629c51f3a1
7F-F	2312	NA	NA	NA	NA	18	NA	weeks	NA	NA	NA	NA	NA	NA	NA	ASO	NA	NA	NA	NA	NA	Qiagen PowerFecal Pro	NA	NA	NA	NA	NA	NA	NA	NA	NA	NA	NA	NA	NA	NA	NA	NA	NA	NA	NA	NA	NA	NA	NA	NA	NA	Male	NA	Fp7-1	Fp	NA	NA	NA	NA	NA	12	Fp7	/shares/CIBIO-Storage/CM/scratch/data/meta/CM_caltec_001_1024/CALTEC-001-7F-F/CALTEC-001-7F-F_R1.fastq.gz;/shares/CIBIO-Storage/CM/scratch/data/meta/CM_caltec_001_1024/CALTEC-001-7F-F/CALTEC-001-7F-F_R2.fastq.gz;	3c7d31f0-f36f-497c-b37c-15bb67353160
8F-F	2313	NA	NA	NA	NA	18	NA	weeks	NA	NA	NA	NA	NA	NA	NA	ASO	NA	NA	NA	NA	NA	Qiagen PowerFecal Pro	NA	NA	NA	NA	NA	NA	NA	NA	NA	NA	NA	NA	NA	NA	NA	NA	NA	NA	NA	NA	NA	NA	NA	NA	NA	Male	NA	Fp7-1	Fp	NA	NA	NA	NA	NA	13	Fp7	/shares/CIBIO-Storage/CM/scratch/data/meta/CM_caltec_001_1024/CALTEC-001-8F-F/CALTEC-001-8F-F_R1.fastq.gz;/shares/CIBIO-Storage/CM/scratch/data/meta/CM_caltec_001_1024/CALTEC-001-8F-F/CALTEC-001-8F-F_R2.fastq.gz;	411ac2ab-4230-4932-894e-88cff6f89545
1W-B	2328	NA	NA	NA	NA	18	NA	weeks	NA	NA	NA	NA	NA	NA	NA	WT	NA	NA	NA	NA	NA	Qiagen PowerFecal Pro	NA	NA	NA	NA	NA	NA	NA	NA	NA	NA	NA	NA	NA	NA	NA	NA	NA	NA	NA	NA	NA	NA	NA	NA	NA	Male	NA	bCL-1	Vehicle	NA	NA	NA	NA	NA	15	bCL	/shares/CIBIO-Storage/CM/scratch/data/meta/CM_caltec_001_1024/CALTEC-001-1W-B/CALTEC-001-1W-B_R1.fastq.gz;/shares/CIBIO-Storage/CM/scratch/data/meta/CM_caltec_001_1024/CALTEC-001-1W-B/CALTEC-001-1W-B_R2.fastq.gz;	091267e4-8913-42ea-a7ee-8e06a61ea520
2W-B	2330	NA	NA	NA	NA	18	NA	weeks	NA	NA	NA	NA	NA	NA	NA	WT	NA	NA	NA	NA	NA	Qiagen PowerFecal Pro	NA	NA	NA	NA	NA	NA	NA	NA	NA	NA	NA	NA	NA	NA	NA	NA	NA	NA	NA	NA	NA	NA	NA	NA	NA	Male	NA	bCL-1	Vehicle	NA	NA	NA	NA	NA	15	bCL	/shares/CIBIO-Storage/CM/scratch/data/meta/CM_caltec_001_1024/CALTEC-001-2W-B/CALTEC-001-2W-B_R1.fastq.gz;/shares/CIBIO-Storage/CM/scratch/data/meta/CM_caltec_001_1024/CALTEC-001-2W-B/CALTEC-001-2W-B_R2.fastq.gz;	c8e0a559-0a9e-44ce-8fcf-610bc8b22db4
3W-B	2332	NA	NA	NA	NA	18	NA	weeks	NA	NA	NA	NA	NA	NA	NA	WT	NA	NA	NA	NA	NA	Qiagen PowerFecal Pro	NA	NA	NA	NA	NA	NA	NA	NA	NA	NA	NA	NA	NA	NA	NA	NA	NA	NA	NA	NA	NA	NA	NA	NA	NA	Male	NA	bCL-1	Vehicle	NA	NA	NA	NA	NA	16	bCL	/shares/CIBIO-Storage/CM/scratch/data/meta/CM_caltec_001_1024/CALTEC-001-3W-B/CALTEC-001-3W-B_R1.fastq.gz;/shares/CIBIO-Storage/CM/scratch/data/meta/CM_caltec_001_1024/CALTEC-001-3W-B/CALTEC-001-3W-B_R2.fastq.gz;	4826f5bc-cedd-4bb6-a722-e452316ab082
4W-B	2337	NA	NA	NA	NA	18	NA	weeks	NA	NA	NA	NA	NA	NA	NA	WT	NA	NA	NA	NA	NA	Qiagen PowerFecal Pro	NA	NA	NA	NA	NA	NA	NA	NA	NA	NA	NA	NA	NA	NA	NA	NA	NA	NA	NA	NA	NA	NA	NA	NA	NA	Male	NA	bCL-1	Vehicle	NA	NA	NA	NA	NA	16	bCL	/shares/CIBIO-Storage/CM/scratch/data/meta/CM_caltec_001_1024/CALTEC-001-4W-B/CALTEC-001-4W-B_R1.fastq.gz;/shares/CIBIO-Storage/CM/scratch/data/meta/CM_caltec_001_1024/CALTEC-001-4W-B/CALTEC-001-4W-B_R2.fastq.gz;	1a11d08f-3c5f-4318-a6c7-e624214cfada
5W-B	2338	NA	NA	NA	NA	18	NA	weeks	NA	NA	NA	NA	NA	NA	NA	WT	NA	NA	NA	NA	NA	Qiagen PowerFecal Pro	NA	NA	NA	NA	NA	NA	NA	NA	NA	NA	NA	NA	NA	NA	NA	NA	NA	NA	NA	NA	NA	NA	NA	NA	NA	Male	NA	bCL-1	Vehicle	NA	NA	NA	NA	NA	16	bCL	/shares/CIBIO-Storage/CM/scratch/data/meta/CM_caltec_001_1024/CALTEC-001-5W-B/CALTEC-001-5W-B_R1.fastq.gz;/shares/CIBIO-Storage/CM/scratch/data/meta/CM_caltec_001_1024/CALTEC-001-5W-B/CALTEC-001-5W-B_R2.fastq.gz;	7dc5d03d-418c-4b3d-80a8-0ca41dd632a9
6W-B	2348	NA	NA	NA	NA	18	NA	weeks	NA	NA	NA	NA	NA	NA	NA	WT	NA	NA	NA	NA	NA	Qiagen PowerFecal Pro	NA	NA	NA	NA	NA	NA	NA	NA	NA	NA	NA	NA	NA	NA	NA	NA	NA	NA	NA	NA	NA	NA	NA	NA	NA	Male	NA	bCL-1	Vehicle	NA	NA	NA	NA	NA	17	bCL	/shares/CIBIO-Storage/CM/scratch/data/meta/CM_caltec_001_1024/CALTEC-001-6W-B/CALTEC-001-6W-B_R1.fastq.gz;/shares/CIBIO-Storage/CM/scratch/data/meta/CM_caltec_001_1024/CALTEC-001-6W-B/CALTEC-001-6W-B_R2.fastq.gz;	dd7061e3-5df1-424d-a521-46c466ef227b
7W-B	2349	NA	NA	NA	NA	18	NA	weeks	NA	NA	NA	NA	NA	NA	NA	WT	NA	NA	NA	NA	NA	Qiagen PowerFecal Pro	NA	NA	NA	NA	NA	NA	NA	NA	NA	NA	NA	NA	NA	NA	NA	NA	NA	NA	NA	NA	NA	NA	NA	NA	NA	Male	NA	bCL-1	Vehicle	NA	NA	NA	NA	NA	17	bCL	/shares/CIBIO-Storage/CM/scratch/data/meta/CM_caltec_001_1024/CALTEC-001-7W-B/CALTEC-001-7W-B_R1.fastq.gz;/shares/CIBIO-Storage/CM/scratch/data/meta/CM_caltec_001_1024/CALTEC-001-7W-B/CALTEC-001-7W-B_R2.fastq.gz;	8851ad69-afb8-4ad8-b67d-2ef76e6cfd76
8W-B	NA	NA	NA	NA	NA	18	NA	weeks	NA	NA	NA	NA	NA	NA	NA	WT	NA	NA	NA	NA	NA	Qiagen PowerFecal Pro	NA	NA	NA	NA	NA	NA	NA	NA	NA	NA	NA	NA	NA	NA	NA	NA	NA	NA	NA	NA	NA	NA	NA	NA	NA	Male	NA	bCL-2	Vehicle	NA	NA	NA	NA	NA	NA	bCL	/shares/CIBIO-Storage/CM/scratch/data/meta/CM_caltec_001_1024/CALTEC-001-8W-B/CALTEC-001-8W-B_R1.fastq.gz;/shares/CIBIO-Storage/CM/scratch/data/meta/CM_caltec_001_1024/CALTEC-001-8W-B/CALTEC-001-8W-B_R2.fastq.gz;	a35d2eec-5698-4721-b76f-f63d21bcebb4
1C-B	2350	NA	NA	NA	NA	18	NA	weeks	NA	NA	NA	NA	NA	NA	NA	ASO	NA	NA	NA	NA	NA	Qiagen PowerFecal Pro	NA	NA	NA	NA	NA	NA	NA	NA	NA	NA	NA	NA	NA	NA	NA	NA	NA	NA	NA	NA	NA	NA	NA	NA	NA	Male	NA	bCL-1	Vehicle	NA	NA	NA	NA	NA	18	bCL	/shares/CIBIO-Storage/CM/scratch/data/meta/CM_caltec_001_1024/CALTEC-001-1C-B/CALTEC-001-1C-B_R1.fastq.gz;/shares/CIBIO-Storage/CM/scratch/data/meta/CM_caltec_001_1024/CALTEC-001-1C-B/CALTEC-001-1C-B_R2.fastq.gz;	988ee4b2-fb1c-4b1e-ab82-8cec6c575f53
2C-B	2333	NA	NA	NA	NA	18	NA	weeks	NA	NA	NA	NA	NA	NA	NA	ASO	NA	NA	NA	NA	NA	Qiagen PowerFecal Pro	NA	NA	NA	NA	NA	NA	NA	NA	NA	NA	NA	NA	NA	NA	NA	NA	NA	NA	NA	NA	NA	NA	NA	NA	NA	Male	NA	bCL-1	Vehicle	NA	NA	NA	NA	NA	19	bCL	/shares/CIBIO-Storage/CM/scratch/data/meta/CM_caltec_001_1024/CALTEC-001-2C-B/CALTEC-001-2C-B_R1.fastq.gz;/shares/CIBIO-Storage/CM/scratch/data/meta/CM_caltec_001_1024/CALTEC-001-2C-B/CALTEC-001-2C-B_R2.fastq.gz;	94574c2a-b97f-40ea-b68d-c7b0a4565377
3C-B	2334	NA	NA	NA	NA	18	NA	weeks	NA	NA	NA	NA	NA	NA	NA	ASO	NA	NA	NA	NA	NA	Qiagen PowerFecal Pro	NA	NA	NA	NA	NA	NA	NA	NA	NA	NA	NA	NA	NA	NA	NA	NA	NA	NA	NA	NA	NA	NA	NA	NA	NA	Male	NA	bCL-1	Vehicle	NA	NA	NA	NA	NA	19	bCL	/shares/CIBIO-Storage/CM/scratch/data/meta/CM_caltec_001_1024/CALTEC-001-3C-B/CALTEC-001-3C-B_R1.fastq.gz;/shares/CIBIO-Storage/CM/scratch/data/meta/CM_caltec_001_1024/CALTEC-001-3C-B/CALTEC-001-3C-B_R2.fastq.gz;	dae2c217-be68-4432-912a-d34d981d0a75
4C-B	2336	NA	NA	NA	NA	18	NA	weeks	NA	NA	NA	NA	NA	NA	NA	ASO	NA	NA	NA	NA	NA	Qiagen PowerFecal Pro	NA	NA	NA	NA	NA	NA	NA	NA	NA	NA	NA	NA	NA	NA	NA	NA	NA	NA	NA	NA	NA	NA	NA	NA	NA	Male	NA	bCL-1	Vehicle	NA	NA	NA	NA	NA	19	bCL	/shares/CIBIO-Storage/CM/scratch/data/meta/CM_caltec_001_1024/CALTEC-001-4C-B/CALTEC-001-4C-B_R1.fastq.gz;/shares/CIBIO-Storage/CM/scratch/data/meta/CM_caltec_001_1024/CALTEC-001-4C-B/CALTEC-001-4C-B_R2.fastq.gz;	7a993799-0391-4a1e-a2cc-866879fcfec0
5C-B	2351	NA	NA	NA	NA	18	NA	weeks	NA	NA	NA	NA	NA	NA	NA	ASO	NA	NA	NA	NA	NA	Qiagen PowerFecal Pro	NA	NA	NA	NA	NA	NA	NA	NA	NA	NA	NA	NA	NA	NA	NA	NA	NA	NA	NA	NA	NA	NA	NA	NA	NA	Male	NA	bCL-1	Vehicle	NA	NA	NA	NA	NA	18	bCL	/shares/CIBIO-Storage/CM/scratch/data/meta/CM_caltec_001_1024/CALTEC-001-5C-B/CALTEC-001-5C-B_R1.fastq.gz;/shares/CIBIO-Storage/CM/scratch/data/meta/CM_caltec_001_1024/CALTEC-001-5C-B/CALTEC-001-5C-B_R2.fastq.gz;	1909e21d-105d-47bb-96f8-d3c3f34006f6
6C-B	2335	NA	NA	NA	NA	18	NA	weeks	NA	NA	NA	NA	NA	NA	NA	ASO	NA	NA	NA	NA	NA	Qiagen PowerFecal Pro	NA	NA	NA	NA	NA	NA	NA	NA	NA	NA	NA	NA	NA	NA	NA	NA	NA	NA	NA	NA	NA	NA	NA	NA	NA	Male	NA	bCL-1	Vehicle	NA	NA	NA	NA	NA	19	bCL	/shares/CIBIO-Storage/CM/scratch/data/meta/CM_caltec_001_1024/CALTEC-001-6C-B/CALTEC-001-6C-B_R1.fastq.gz;/shares/CIBIO-Storage/CM/scratch/data/meta/CM_caltec_001_1024/CALTEC-001-6C-B/CALTEC-001-6C-B_R2.fastq.gz;	6e6e028b-28ca-428e-b582-a74dd22076a1
7C-B	NA	NA	NA	NA	NA	18	NA	weeks	NA	NA	NA	NA	NA	NA	NA	ASO	NA	NA	NA	NA	NA	Qiagen PowerFecal Pro	NA	NA	NA	NA	NA	NA	NA	NA	NA	NA	NA	NA	NA	NA	NA	NA	NA	NA	NA	NA	NA	NA	NA	NA	NA	Male	NA	bCL-2	Vehicle	NA	NA	NA	NA	NA	NA	bCL	/shares/CIBIO-Storage/CM/scratch/data/meta/CM_caltec_001_1024/CALTEC-001-7C-B/CALTEC-001-7C-B_R1.fastq.gz;/shares/CIBIO-Storage/CM/scratch/data/meta/CM_caltec_001_1024/CALTEC-001-7C-B/CALTEC-001-7C-B_R2.fastq.gz;	bb0e969a-897f-48d3-b7bc-cc53149429e0
8C-B	NA	NA	NA	NA	NA	18	NA	weeks	NA	NA	NA	NA	NA	NA	NA	ASO	NA	NA	NA	NA	NA	Qiagen PowerFecal Pro	NA	NA	NA	NA	NA	NA	NA	NA	NA	NA	NA	NA	NA	NA	NA	NA	NA	NA	NA	NA	NA	NA	NA	NA	NA	Male	NA	bCL-2	Vehicle	NA	NA	NA	NA	NA	NA	bCL	/shares/CIBIO-Storage/CM/scratch/data/meta/CM_caltec_001_1024/CALTEC-001-8C-B/CALTEC-001-8C-B_R1.fastq.gz;/shares/CIBIO-Storage/CM/scratch/data/meta/CM_caltec_001_1024/CALTEC-001-8C-B/CALTEC-001-8C-B_R2.fastq.gz;	deb84302-beb1-49f5-9a4d-3486588c2334
1B-B	2345	NA	NA	NA	NA	18	NA	weeks	NA	NA	NA	NA	NA	NA	NA	ASO	NA	NA	NA	NA	NA	Qiagen PowerFecal Pro	NA	NA	NA	NA	NA	NA	NA	NA	NA	NA	NA	NA	NA	NA	NA	NA	NA	NA	NA	NA	NA	NA	NA	NA	NA	Male	NA	bCL-1	benCom	NA	NA	NA	NA	NA	20	bCL	/shares/CIBIO-Storage/CM/scratch/data/meta/CM_caltec_001_1024/CALTEC-001-1B-B/CALTEC-001-1B-B_R1.fastq.gz;/shares/CIBIO-Storage/CM/scratch/data/meta/CM_caltec_001_1024/CALTEC-001-1B-B/CALTEC-001-1B-B_R2.fastq.gz;	d475040b-68d8-4c47-97a6-39d66c846717
2B-B	2329	NA	NA	NA	NA	18	NA	weeks	NA	NA	NA	NA	NA	NA	NA	ASO	NA	NA	NA	NA	NA	Qiagen PowerFecal Pro	NA	NA	NA	NA	NA	NA	NA	NA	NA	NA	NA	NA	NA	NA	NA	NA	NA	NA	NA	NA	NA	NA	NA	NA	NA	Male	NA	bCL-1	benCom	NA	NA	NA	NA	NA	21	bCL	/shares/CIBIO-Storage/CM/scratch/data/meta/CM_caltec_001_1024/CALTEC-001-2B-B/CALTEC-001-2B-B_R1.fastq.gz;/shares/CIBIO-Storage/CM/scratch/data/meta/CM_caltec_001_1024/CALTEC-001-2B-B/CALTEC-001-2B-B_R2.fastq.gz;	282b3f01-8172-4c6f-b8c5-4fe39d8cf94a
3B-B	2327	NA	NA	NA	NA	18	NA	weeks	NA	NA	NA	NA	NA	NA	NA	ASO	NA	NA	NA	NA	NA	Qiagen PowerFecal Pro	NA	NA	NA	NA	NA	NA	NA	NA	NA	NA	NA	NA	NA	NA	NA	NA	NA	NA	NA	NA	NA	NA	NA	NA	NA	Male	NA	bCL-1	benCom	NA	NA	NA	NA	NA	21	bCL	/shares/CIBIO-Storage/CM/scratch/data/meta/CM_caltec_001_1024/CALTEC-001-3B-B/CALTEC-001-3B-B_R1.fastq.gz;/shares/CIBIO-Storage/CM/scratch/data/meta/CM_caltec_001_1024/CALTEC-001-3B-B/CALTEC-001-3B-B_R2.fastq.gz;	c064f054-08eb-49c4-9d54-47c40d0f9328
4B-B	2331	NA	NA	NA	NA	18	NA	weeks	NA	NA	NA	NA	NA	NA	NA	ASO	NA	NA	NA	NA	NA	Qiagen PowerFecal Pro	NA	NA	NA	NA	NA	NA	NA	NA	NA	NA	NA	NA	NA	NA	NA	NA	NA	NA	NA	NA	NA	NA	NA	NA	NA	Male	NA	bCL-1	benCom	NA	NA	NA	NA	NA	21	bCL	/shares/CIBIO-Storage/CM/scratch/data/meta/CM_caltec_001_1024/CALTEC-001-4B-B/CALTEC-001-4B-B_R1.fastq.gz;/shares/CIBIO-Storage/CM/scratch/data/meta/CM_caltec_001_1024/CALTEC-001-4B-B/CALTEC-001-4B-B_R2.fastq.gz;	31ce8024-a48e-4e5f-8d1d-d3ce1ca38a39
5B-B	2339	NA	NA	NA	NA	18	NA	weeks	NA	NA	NA	NA	NA	NA	NA	ASO	NA	NA	NA	NA	NA	Qiagen PowerFecal Pro	NA	NA	NA	NA	NA	NA	NA	NA	NA	NA	NA	NA	NA	NA	NA	NA	NA	NA	NA	NA	NA	NA	NA	NA	NA	Male	NA	bCL-1	benCom	NA	NA	NA	NA	NA	22	bCL	/shares/CIBIO-Storage/CM/scratch/data/meta/CM_caltec_001_1024/CALTEC-001-5B-B/CALTEC-001-5B-B_R1.fastq.gz;/shares/CIBIO-Storage/CM/scratch/data/meta/CM_caltec_001_1024/CALTEC-001-5B-B/CALTEC-001-5B-B_R2.fastq.gz;	c1b5230e-6def-44f4-a889-1933bfd2359c
6B-B	2341	NA	NA	NA	NA	18	NA	weeks	NA	NA	NA	NA	NA	NA	NA	ASO	NA	NA	NA	NA	NA	Qiagen PowerFecal Pro	NA	NA	NA	NA	NA	NA	NA	NA	NA	NA	NA	NA	NA	NA	NA	NA	NA	NA	NA	NA	NA	NA	NA	NA	NA	Male	NA	bCL-1	benCom	NA	NA	NA	NA	NA	22	bCL	/shares/CIBIO-Storage/CM/scratch/data/meta/CM_caltec_001_1024/CALTEC-001-6B-B/CALTEC-001-6B-B_R1.fastq.gz;/shares/CIBIO-Storage/CM/scratch/data/meta/CM_caltec_001_1024/CALTEC-001-6B-B/CALTEC-001-6B-B_R2.fastq.gz;	c4567a47-eb98-4fc2-b7c7-bb914f3f12df
7B-B	2346	NA	NA	NA	NA	18	NA	weeks	NA	NA	NA	NA	NA	NA	NA	ASO	NA	NA	NA	NA	NA	Qiagen PowerFecal Pro	NA	NA	NA	NA	NA	NA	NA	NA	NA	NA	NA	NA	NA	NA	NA	NA	NA	NA	NA	NA	NA	NA	NA	NA	NA	Male	NA	bCL-1	benCom	NA	NA	NA	NA	NA	20	bCL	/shares/CIBIO-Storage/CM/scratch/data/meta/CM_caltec_001_1024/CALTEC-001-7B-B/CALTEC-001-7B-B_R1.fastq.gz;/shares/CIBIO-Storage/CM/scratch/data/meta/CM_caltec_001_1024/CALTEC-001-7B-B/CALTEC-001-7B-B_R2.fastq.gz;	f7ea2005-22c7-4c8a-921c-59c68cd442a6
8B-B	2347	NA	NA	NA	NA	18	NA	weeks	NA	NA	NA	NA	NA	NA	NA	ASO	NA	NA	NA	NA	NA	Qiagen PowerFecal Pro	NA	NA	NA	NA	NA	NA	NA	NA	NA	NA	NA	NA	NA	NA	NA	NA	NA	NA	NA	NA	NA	NA	NA	NA	NA	Male	NA	bCL-1	benCom	NA	NA	NA	NA	NA	20	bCL	/shares/CIBIO-Storage/CM/scratch/data/meta/CM_caltec_001_1024/CALTEC-001-8B-B/CALTEC-001-8B-B_R1.fastq.gz;/shares/CIBIO-Storage/CM/scratch/data/meta/CM_caltec_001_1024/CALTEC-001-8B-B/CALTEC-001-8B-B_R2.fastq.gz;	0139913e-365f-41d1-8d4c-7559c7bdf68a
