sample_id	file_paths
93f79aff-80a5-4435-b2fb-b348069d9ca7	/shares/CIBIO-Storage/CM/scratch/data/meta/CM_Payami_UAB_NGRC/zr7654_535_R1.fastq.gz;/shares/CIBIO-Storage/CM/scratch/data/meta/CM_Payami_UAB_NGRC/zr7654_535_R2.fastq.gz;
23f75ff3-5c66-406f-bc41-acd5592a97f9	/shares/CIBIO-Storage/CM/scratch/data/meta/CM_Payami_UAB_NGRC/zr7654_529_R1.fastq.gz;/shares/CIBIO-Storage/CM/scratch/data/meta/CM_Payami_UAB_NGRC/zr7654_529_R2.fastq.gz;
eae74847-ec4c-437c-94f2-1c2403f5b6c1	/shares/CIBIO-Storage/CM/scratch/data/meta/CM_Payami_UAB_NGRC/zr7654_806_R1.fastq.gz;/shares/CIBIO-Storage/CM/scratch/data/meta/CM_Payami_UAB_NGRC/zr7654_806_R2.fastq.gz;
ead38f1d-4083-44d9-be97-37f17a827a63	/shares/CIBIO-Storage/CM/scratch/data/meta/CM_Payami_UAB_NGRC/zr7654_787_R1.fastq.gz;/shares/CIBIO-Storage/CM/scratch/data/meta/CM_Payami_UAB_NGRC/zr7654_787_R2.fastq.gz;
965e1325-8984-4878-9140-74af670594a0	/shares/CIBIO-Storage/CM/scratch/data/meta/CM_Payami_UAB_NGRC/zr7654_815_R1.fastq.gz;/shares/CIBIO-Storage/CM/scratch/data/meta/CM_Payami_UAB_NGRC/zr7654_815_R2.fastq.gz;
f1d7605d-8934-4310-80be-9ec7ea0781b5	/shares/CIBIO-Storage/CM/scratch/data/meta/CM_Payami_UAB_NGRC/zr7654_606_R1.fastq.gz;/shares/CIBIO-Storage/CM/scratch/data/meta/CM_Payami_UAB_NGRC/zr7654_606_R2.fastq.gz;
0a0c08fc-bfbc-41b3-be15-3b46702d788d	/shares/CIBIO-Storage/CM/scratch/data/meta/CM_Payami_UAB_NGRC/zr7654_612_R1.fastq.gz;/shares/CIBIO-Storage/CM/scratch/data/meta/CM_Payami_UAB_NGRC/zr7654_612_R2.fastq.gz;
0ba1fbec-3130-45de-8570-f9e2d9eed6cf	/shares/CIBIO-Storage/CM/scratch/data/meta/CM_Payami_UAB_NGRC/zr7654_597_R1.fastq.gz;/shares/CIBIO-Storage/CM/scratch/data/meta/CM_Payami_UAB_NGRC/zr7654_597_R2.fastq.gz;
8209934e-8e07-49de-83b4-775e24b25565	/shares/CIBIO-Storage/CM/scratch/data/meta/CM_Payami_UAB_NGRC/zr7654_616_R1.fastq.gz;/shares/CIBIO-Storage/CM/scratch/data/meta/CM_Payami_UAB_NGRC/zr7654_616_R2.fastq.gz;
c7598143-2a0e-47b4-a30b-7eedff70a839	/shares/CIBIO-Storage/CM/scratch/data/meta/CM_Payami_UAB_NGRC/zr7654_628_R1.fastq.gz;/shares/CIBIO-Storage/CM/scratch/data/meta/CM_Payami_UAB_NGRC/zr7654_628_R2.fastq.gz;
c7cffbca-34ce-4919-960a-dfe10db8256a	/shares/CIBIO-Storage/CM/scratch/data/meta/CM_Payami_UAB_NGRC/zr7654_666_R1.fastq.gz;/shares/CIBIO-Storage/CM/scratch/data/meta/CM_Payami_UAB_NGRC/zr7654_666_R2.fastq.gz;
54e931c9-075d-43ed-873d-ca40e1c717da	/shares/CIBIO-Storage/CM/scratch/data/meta/CM_Payami_UAB_NGRC/zr7654_635_R1.fastq.gz;/shares/CIBIO-Storage/CM/scratch/data/meta/CM_Payami_UAB_NGRC/zr7654_635_R2.fastq.gz;
2bf00c13-8267-40eb-873e-97d58886ed6c	/shares/CIBIO-Storage/CM/scratch/data/meta/CM_Payami_UAB_NGRC/zr7654_524_R1.fastq.gz;/shares/CIBIO-Storage/CM/scratch/data/meta/CM_Payami_UAB_NGRC/zr7654_524_R2.fastq.gz;
7acd9eaa-ff66-4a7f-8616-1902666b92c4	/shares/CIBIO-Storage/CM/scratch/data/meta/CM_Payami_UAB_NGRC/zr7654_790_R1.fastq.gz;/shares/CIBIO-Storage/CM/scratch/data/meta/CM_Payami_UAB_NGRC/zr7654_790_R2.fastq.gz;
c9d71f52-f6b4-4ea8-baff-35006134c2f5	/shares/CIBIO-Storage/CM/scratch/data/meta/CM_Payami_UAB_NGRC/zr7654_739_R1.fastq.gz;/shares/CIBIO-Storage/CM/scratch/data/meta/CM_Payami_UAB_NGRC/zr7654_739_R2.fastq.gz;
b185dee1-53b2-4fa5-aa62-d327df5a4d13	/shares/CIBIO-Storage/CM/scratch/data/meta/CM_Payami_UAB_NGRC/zr7654_765_R1.fastq.gz;/shares/CIBIO-Storage/CM/scratch/data/meta/CM_Payami_UAB_NGRC/zr7654_765_R2.fastq.gz;
366d0324-c948-4165-ae9e-ce6f90be23af	/shares/CIBIO-Storage/CM/scratch/data/meta/CM_Payami_UAB_NGRC/zr7654_605_R1.fastq.gz;/shares/CIBIO-Storage/CM/scratch/data/meta/CM_Payami_UAB_NGRC/zr7654_605_R2.fastq.gz;
5b45e5dd-8507-4859-bb1c-dc8301ed8841	/shares/CIBIO-Storage/CM/scratch/data/meta/CM_Payami_UAB_NGRC/zr7654_537_R1.fastq.gz;/shares/CIBIO-Storage/CM/scratch/data/meta/CM_Payami_UAB_NGRC/zr7654_537_R2.fastq.gz;
e2efffef-3c41-4d9f-be0b-2310c0aad1eb	/shares/CIBIO-Storage/CM/scratch/data/meta/CM_Payami_UAB_NGRC/zr7654_784_R1.fastq.gz;/shares/CIBIO-Storage/CM/scratch/data/meta/CM_Payami_UAB_NGRC/zr7654_784_R2.fastq.gz;
e9c00b36-46b9-4bb7-a412-3e8bffd4f82b	/shares/CIBIO-Storage/CM/scratch/data/meta/CM_Payami_UAB_NGRC/zr7654_518_R1.fastq.gz;/shares/CIBIO-Storage/CM/scratch/data/meta/CM_Payami_UAB_NGRC/zr7654_518_R2.fastq.gz;
258b668a-4650-4021-bf42-98b2377fb7c2	/shares/CIBIO-Storage/CM/scratch/data/meta/CM_Payami_UAB_NGRC/zr7654_814_R1.fastq.gz;/shares/CIBIO-Storage/CM/scratch/data/meta/CM_Payami_UAB_NGRC/zr7654_814_R2.fastq.gz;
a238bfeb-f276-4af4-8d75-5f0022040aaa	/shares/CIBIO-Storage/CM/scratch/data/meta/CM_Payami_UAB_NGRC/zr7654_788_R1.fastq.gz;/shares/CIBIO-Storage/CM/scratch/data/meta/CM_Payami_UAB_NGRC/zr7654_788_R2.fastq.gz;
0d84ab77-63d1-455a-ab99-95f9934a03c0	/shares/CIBIO-Storage/CM/scratch/data/meta/CM_Payami_UAB_NGRC/zr7654_811_R1.fastq.gz;/shares/CIBIO-Storage/CM/scratch/data/meta/CM_Payami_UAB_NGRC/zr7654_811_R2.fastq.gz;
b66149bf-3386-459e-a82f-475d9fa3501b	/shares/CIBIO-Storage/CM/scratch/data/meta/CM_Payami_UAB_NGRC/zr7654_812_R1.fastq.gz;/shares/CIBIO-Storage/CM/scratch/data/meta/CM_Payami_UAB_NGRC/zr7654_812_R2.fastq.gz;
761ab1cc-d007-44e8-acf7-86716b70e2c3	/shares/CIBIO-Storage/CM/scratch/data/meta/CM_Payami_UAB_NGRC/zr7654_500_R1.fastq.gz;/shares/CIBIO-Storage/CM/scratch/data/meta/CM_Payami_UAB_NGRC/zr7654_500_R2.fastq.gz;
247432fc-a4a1-4aa0-935c-76c421e8c2be	/shares/CIBIO-Storage/CM/scratch/data/meta/CM_Payami_UAB_NGRC/zr7654_541_R1.fastq.gz;/shares/CIBIO-Storage/CM/scratch/data/meta/CM_Payami_UAB_NGRC/zr7654_541_R2.fastq.gz;
53f65328-543b-4864-b0da-1034b61b1f07	/shares/CIBIO-Storage/CM/scratch/data/meta/CM_Payami_UAB_NGRC/zr7654_521_R1.fastq.gz;/shares/CIBIO-Storage/CM/scratch/data/meta/CM_Payami_UAB_NGRC/zr7654_521_R2.fastq.gz;
1a8d2b5f-d8f8-4ddf-b42e-ea754757c82b	/shares/CIBIO-Storage/CM/scratch/data/meta/CM_Payami_UAB_NGRC/zr7654_687_R1.fastq.gz;/shares/CIBIO-Storage/CM/scratch/data/meta/CM_Payami_UAB_NGRC/zr7654_687_R2.fastq.gz;
56d43ebd-5312-4a07-a241-556e72714184	/shares/CIBIO-Storage/CM/scratch/data/meta/CM_Payami_UAB_NGRC/zr7654_626_R1.fastq.gz;/shares/CIBIO-Storage/CM/scratch/data/meta/CM_Payami_UAB_NGRC/zr7654_626_R2.fastq.gz;
e08ce0a5-4e08-4206-acfa-de5a18edc256	/shares/CIBIO-Storage/CM/scratch/data/meta/CM_Payami_UAB_NGRC/zr7654_587_R1.fastq.gz;/shares/CIBIO-Storage/CM/scratch/data/meta/CM_Payami_UAB_NGRC/zr7654_587_R2.fastq.gz;
e28a385d-3ffa-45f2-a375-0dd31f3c3d40	/shares/CIBIO-Storage/CM/scratch/data/meta/CM_Payami_UAB_NGRC/zr7654_565_R1.fastq.gz;/shares/CIBIO-Storage/CM/scratch/data/meta/CM_Payami_UAB_NGRC/zr7654_565_R2.fastq.gz;
b71e6e12-afb4-4cb2-be96-145a3e820dca	/shares/CIBIO-Storage/CM/scratch/data/meta/CM_Payami_UAB_NGRC/zr7654_627_R1.fastq.gz;/shares/CIBIO-Storage/CM/scratch/data/meta/CM_Payami_UAB_NGRC/zr7654_627_R2.fastq.gz;
fd4cd4df-0058-4c03-9a7c-3494c0149ecf	/shares/CIBIO-Storage/CM/scratch/data/meta/CM_Payami_UAB_NGRC/zr7654_679_R1.fastq.gz;/shares/CIBIO-Storage/CM/scratch/data/meta/CM_Payami_UAB_NGRC/zr7654_679_R2.fastq.gz;
8cc8e88b-2af3-42c5-a107-da25866939b5	/shares/CIBIO-Storage/CM/scratch/data/meta/CM_Payami_UAB_NGRC/zr7654_532_R1.fastq.gz;/shares/CIBIO-Storage/CM/scratch/data/meta/CM_Payami_UAB_NGRC/zr7654_532_R2.fastq.gz;
961879e3-85d8-4521-ad5c-a1c7159ccf7d	/shares/CIBIO-Storage/CM/scratch/data/meta/CM_Payami_UAB_NGRC/zr7654_505_R1.fastq.gz;/shares/CIBIO-Storage/CM/scratch/data/meta/CM_Payami_UAB_NGRC/zr7654_505_R2.fastq.gz;
a2af5239-ba51-48bb-8f7f-c98a1f39f872	/shares/CIBIO-Storage/CM/scratch/data/meta/CM_Payami_UAB_NGRC/zr7654_503_R1.fastq.gz;/shares/CIBIO-Storage/CM/scratch/data/meta/CM_Payami_UAB_NGRC/zr7654_503_R2.fastq.gz;
5eaa6de5-eec0-4358-8cda-ea723f0b99bc	/shares/CIBIO-Storage/CM/scratch/data/meta/CM_Payami_UAB_NGRC/zr7654_624_R1.fastq.gz;/shares/CIBIO-Storage/CM/scratch/data/meta/CM_Payami_UAB_NGRC/zr7654_624_R2.fastq.gz;
163200de-ba2e-47e5-bdd9-2e29880b086b	/shares/CIBIO-Storage/CM/scratch/data/meta/CM_Payami_UAB_NGRC/zr7654_618_R1.fastq.gz;/shares/CIBIO-Storage/CM/scratch/data/meta/CM_Payami_UAB_NGRC/zr7654_618_R2.fastq.gz;
657a6c09-05f5-43da-a95d-22dc9d365f0d	/shares/CIBIO-Storage/CM/scratch/data/meta/CM_Payami_UAB_NGRC/zr7654_633_R1.fastq.gz;/shares/CIBIO-Storage/CM/scratch/data/meta/CM_Payami_UAB_NGRC/zr7654_633_R2.fastq.gz;
416aea2a-7ccf-41c9-a8a2-63b4ab5c571f	/shares/CIBIO-Storage/CM/scratch/data/meta/CM_Payami_UAB_NGRC/zr7654_610_R1.fastq.gz;/shares/CIBIO-Storage/CM/scratch/data/meta/CM_Payami_UAB_NGRC/zr7654_610_R2.fastq.gz;
703c3280-62ba-4db3-b3d6-724cbab1d463	/shares/CIBIO-Storage/CM/scratch/data/meta/CM_Payami_UAB_NGRC/zr7654_733_R1.fastq.gz;/shares/CIBIO-Storage/CM/scratch/data/meta/CM_Payami_UAB_NGRC/zr7654_733_R2.fastq.gz;
db738151-4461-4fc8-9c96-264e166ddcdf	/shares/CIBIO-Storage/CM/scratch/data/meta/CM_Payami_UAB_NGRC/zr7654_567_R1.fastq.gz;/shares/CIBIO-Storage/CM/scratch/data/meta/CM_Payami_UAB_NGRC/zr7654_567_R2.fastq.gz;
90aa5330-e21c-4e90-8bbe-48837748e116	/shares/CIBIO-Storage/CM/scratch/data/meta/CM_Payami_UAB_NGRC/zr7654_522_R1.fastq.gz;/shares/CIBIO-Storage/CM/scratch/data/meta/CM_Payami_UAB_NGRC/zr7654_522_R2.fastq.gz;
23dc8b24-db53-4a7d-9b9b-05aa1c0292c4	/shares/CIBIO-Storage/CM/scratch/data/meta/CM_Payami_UAB_NGRC/zr7654_630_R1.fastq.gz;/shares/CIBIO-Storage/CM/scratch/data/meta/CM_Payami_UAB_NGRC/zr7654_630_R2.fastq.gz;
8eb51fdf-9911-47c5-8852-41aa90adb68b	/shares/CIBIO-Storage/CM/scratch/data/meta/CM_Payami_UAB_NGRC/zr7654_617_R1.fastq.gz;/shares/CIBIO-Storage/CM/scratch/data/meta/CM_Payami_UAB_NGRC/zr7654_617_R2.fastq.gz;
2e807ccd-3043-4168-a2aa-399d4abe66c6	/shares/CIBIO-Storage/CM/scratch/data/meta/CM_Payami_UAB_NGRC/zr7654_738_R1.fastq.gz;/shares/CIBIO-Storage/CM/scratch/data/meta/CM_Payami_UAB_NGRC/zr7654_738_R2.fastq.gz;
3ebb4aa2-be7d-4797-8ffa-f9c7ebeffb32	/shares/CIBIO-Storage/CM/scratch/data/meta/CM_Payami_UAB_NGRC/zr7654_775_R1.fastq.gz;/shares/CIBIO-Storage/CM/scratch/data/meta/CM_Payami_UAB_NGRC/zr7654_775_R2.fastq.gz;
b3174dbb-8b00-4f4a-b946-909185438fcc	/shares/CIBIO-Storage/CM/scratch/data/meta/CM_Payami_UAB_NGRC/zr7654_820_R1.fastq.gz;/shares/CIBIO-Storage/CM/scratch/data/meta/CM_Payami_UAB_NGRC/zr7654_820_R2.fastq.gz;
e85dedcb-498a-4781-91ad-8f47e615b613	/shares/CIBIO-Storage/CM/scratch/data/meta/CM_Payami_UAB_NGRC/zr7654_726_R1.fastq.gz;/shares/CIBIO-Storage/CM/scratch/data/meta/CM_Payami_UAB_NGRC/zr7654_726_R2.fastq.gz;
08b84ff6-7f1d-440e-acd0-18645e77e071	/shares/CIBIO-Storage/CM/scratch/data/meta/CM_Payami_UAB_NGRC/zr7654_649_R1.fastq.gz;/shares/CIBIO-Storage/CM/scratch/data/meta/CM_Payami_UAB_NGRC/zr7654_649_R2.fastq.gz;
1a580cf9-7247-40a5-821f-1d2de3df299d	/shares/CIBIO-Storage/CM/scratch/data/meta/CM_Payami_UAB_NGRC/zr7654_778_R1.fastq.gz;/shares/CIBIO-Storage/CM/scratch/data/meta/CM_Payami_UAB_NGRC/zr7654_778_R2.fastq.gz;
a4208998-0353-4db0-8a2e-ce1556abffd6	/shares/CIBIO-Storage/CM/scratch/data/meta/CM_Payami_UAB_NGRC/zr7654_847_R1.fastq.gz;/shares/CIBIO-Storage/CM/scratch/data/meta/CM_Payami_UAB_NGRC/zr7654_847_R2.fastq.gz;
dc5e40d6-aa6f-425b-b8e0-481f5e01a556	/shares/CIBIO-Storage/CM/scratch/data/meta/CM_Payami_UAB_NGRC/zr7654_764_R1.fastq.gz;/shares/CIBIO-Storage/CM/scratch/data/meta/CM_Payami_UAB_NGRC/zr7654_764_R2.fastq.gz;
63ddd8e5-6bae-4052-9910-e1682906f759	/shares/CIBIO-Storage/CM/scratch/data/meta/CM_Payami_UAB_NGRC/zr7654_722_R1.fastq.gz;/shares/CIBIO-Storage/CM/scratch/data/meta/CM_Payami_UAB_NGRC/zr7654_722_R2.fastq.gz;
d8d47fe0-f92d-4ce4-8be3-0b529010c63c	/shares/CIBIO-Storage/CM/scratch/data/meta/CM_Payami_UAB_NGRC/zr7654_556_R1.fastq.gz;/shares/CIBIO-Storage/CM/scratch/data/meta/CM_Payami_UAB_NGRC/zr7654_556_R2.fastq.gz;
ad7f8980-9fe4-4670-9bc7-585a07d7ffbf	/shares/CIBIO-Storage/CM/scratch/data/meta/CM_Payami_UAB_NGRC/zr7654_720_R1.fastq.gz;/shares/CIBIO-Storage/CM/scratch/data/meta/CM_Payami_UAB_NGRC/zr7654_720_R2.fastq.gz;
6109d838-2f2d-4a8e-b743-58fe99a37746	/shares/CIBIO-Storage/CM/scratch/data/meta/CM_Payami_UAB_NGRC/zr7654_842_R1.fastq.gz;/shares/CIBIO-Storage/CM/scratch/data/meta/CM_Payami_UAB_NGRC/zr7654_842_R2.fastq.gz;
4107dafc-e081-484d-b918-23d54be4c853	/shares/CIBIO-Storage/CM/scratch/data/meta/CM_Payami_UAB_NGRC/zr7654_654_R1.fastq.gz;/shares/CIBIO-Storage/CM/scratch/data/meta/CM_Payami_UAB_NGRC/zr7654_654_R2.fastq.gz;
964de094-786f-41b3-b65d-9007ff810396	/shares/CIBIO-Storage/CM/scratch/data/meta/CM_Payami_UAB_NGRC/zr7654_621_R1.fastq.gz;/shares/CIBIO-Storage/CM/scratch/data/meta/CM_Payami_UAB_NGRC/zr7654_621_R2.fastq.gz;
7353c71a-dbd8-4ec9-b880-ff094ce69912	/shares/CIBIO-Storage/CM/scratch/data/meta/CM_Payami_UAB_NGRC/zr7654_730_R1.fastq.gz;/shares/CIBIO-Storage/CM/scratch/data/meta/CM_Payami_UAB_NGRC/zr7654_730_R2.fastq.gz;
9357fa4b-b34e-448a-bf81-ac5283a2f0d2	/shares/CIBIO-Storage/CM/scratch/data/meta/CM_Payami_UAB_NGRC/zr7654_728_R1.fastq.gz;/shares/CIBIO-Storage/CM/scratch/data/meta/CM_Payami_UAB_NGRC/zr7654_728_R2.fastq.gz;
08904c2e-d6a0-478c-8ff0-8299d5e5fc5d	/shares/CIBIO-Storage/CM/scratch/data/meta/CM_Payami_UAB_NGRC/zr7654_742_R1.fastq.gz;/shares/CIBIO-Storage/CM/scratch/data/meta/CM_Payami_UAB_NGRC/zr7654_742_R2.fastq.gz;
d5f9c24e-3e4e-4e60-99d1-395a2d65c72b	/shares/CIBIO-Storage/CM/scratch/data/meta/CM_Payami_UAB_NGRC/zr7654_749_R1.fastq.gz;/shares/CIBIO-Storage/CM/scratch/data/meta/CM_Payami_UAB_NGRC/zr7654_749_R2.fastq.gz;
cd002d01-d5ab-42ef-877c-013ec51f49c5	/shares/CIBIO-Storage/CM/scratch/data/meta/CM_Payami_UAB_NGRC/zr7654_568_R1.fastq.gz;/shares/CIBIO-Storage/CM/scratch/data/meta/CM_Payami_UAB_NGRC/zr7654_568_R2.fastq.gz;
f8bc6420-b005-45f0-8ba8-59de4e7efce8	/shares/CIBIO-Storage/CM/scratch/data/meta/CM_Payami_UAB_NGRC/zr7654_580_R1.fastq.gz;/shares/CIBIO-Storage/CM/scratch/data/meta/CM_Payami_UAB_NGRC/zr7654_580_R2.fastq.gz;
b80546a2-e756-471f-960f-f4ba93922a81	/shares/CIBIO-Storage/CM/scratch/data/meta/CM_Payami_UAB_NGRC/zr7654_800_R1.fastq.gz;/shares/CIBIO-Storage/CM/scratch/data/meta/CM_Payami_UAB_NGRC/zr7654_800_R2.fastq.gz;
3bd0f4f5-92f8-4427-8754-e06e5785b238	/shares/CIBIO-Storage/CM/scratch/data/meta/CM_Payami_UAB_NGRC/zr7654_576_R1.fastq.gz;/shares/CIBIO-Storage/CM/scratch/data/meta/CM_Payami_UAB_NGRC/zr7654_576_R2.fastq.gz;
68e6771d-c37e-48af-976c-114334ebcc05	/shares/CIBIO-Storage/CM/scratch/data/meta/CM_Payami_UAB_NGRC/zr7654_555_R1.fastq.gz;/shares/CIBIO-Storage/CM/scratch/data/meta/CM_Payami_UAB_NGRC/zr7654_555_R2.fastq.gz;
586b3147-ba51-4a0d-943d-9bc7a15e71f6	/shares/CIBIO-Storage/CM/scratch/data/meta/CM_Payami_UAB_NGRC/zr7654_638_R1.fastq.gz;/shares/CIBIO-Storage/CM/scratch/data/meta/CM_Payami_UAB_NGRC/zr7654_638_R2.fastq.gz;
fc97ae82-7e35-428c-b3d0-2414928dcb31	/shares/CIBIO-Storage/CM/scratch/data/meta/CM_Payami_UAB_NGRC/zr7654_623_R1.fastq.gz;/shares/CIBIO-Storage/CM/scratch/data/meta/CM_Payami_UAB_NGRC/zr7654_623_R2.fastq.gz;
8b643fe0-a75e-444c-b621-ed4f70137dfb	/shares/CIBIO-Storage/CM/scratch/data/meta/CM_Payami_UAB_NGRC/zr7654_752_R1.fastq.gz;/shares/CIBIO-Storage/CM/scratch/data/meta/CM_Payami_UAB_NGRC/zr7654_752_R2.fastq.gz;
beec1184-de69-4e37-9a3d-70531d3770f6	/shares/CIBIO-Storage/CM/scratch/data/meta/CM_Payami_UAB_NGRC/zr7654_557_R1.fastq.gz;/shares/CIBIO-Storage/CM/scratch/data/meta/CM_Payami_UAB_NGRC/zr7654_557_R2.fastq.gz;
8021c614-999c-4dcc-9efb-efc85df280e7	/shares/CIBIO-Storage/CM/scratch/data/meta/CM_Payami_UAB_NGRC/zr7654_558_R1.fastq.gz;/shares/CIBIO-Storage/CM/scratch/data/meta/CM_Payami_UAB_NGRC/zr7654_558_R2.fastq.gz;
dd340071-cd7b-4852-b910-7651f0693cd8	/shares/CIBIO-Storage/CM/scratch/data/meta/CM_Payami_UAB_NGRC/zr7654_658_R1.fastq.gz;/shares/CIBIO-Storage/CM/scratch/data/meta/CM_Payami_UAB_NGRC/zr7654_658_R2.fastq.gz;
3f4b52bd-e859-4a31-bda6-57d827a3451e	/shares/CIBIO-Storage/CM/scratch/data/meta/CM_Payami_UAB_NGRC/zr7654_646_R1.fastq.gz;/shares/CIBIO-Storage/CM/scratch/data/meta/CM_Payami_UAB_NGRC/zr7654_646_R2.fastq.gz;
dd58d717-b891-442d-9213-0c2a9746d5b8	/shares/CIBIO-Storage/CM/scratch/data/meta/CM_Payami_UAB_NGRC/zr7654_622_R1.fastq.gz;/shares/CIBIO-Storage/CM/scratch/data/meta/CM_Payami_UAB_NGRC/zr7654_622_R2.fastq.gz;
62f1281b-4fbc-4b1a-b611-5120dbaa6ef8	/shares/CIBIO-Storage/CM/scratch/data/meta/CM_Payami_UAB_NGRC/zr7654_844_R1.fastq.gz;/shares/CIBIO-Storage/CM/scratch/data/meta/CM_Payami_UAB_NGRC/zr7654_844_R2.fastq.gz;
e8553c34-9fb8-4cd2-901f-58116947d253	/shares/CIBIO-Storage/CM/scratch/data/meta/CM_Payami_UAB_NGRC/zr7654_577_R1.fastq.gz;/shares/CIBIO-Storage/CM/scratch/data/meta/CM_Payami_UAB_NGRC/zr7654_577_R2.fastq.gz;
b82047a5-03eb-4572-b713-6d88b1e17b2a	/shares/CIBIO-Storage/CM/scratch/data/meta/CM_Payami_UAB_NGRC/zr7654_631_R1.fastq.gz;/shares/CIBIO-Storage/CM/scratch/data/meta/CM_Payami_UAB_NGRC/zr7654_631_R2.fastq.gz;
a42398ad-9c66-44d6-b849-e710a6ec08a8	/shares/CIBIO-Storage/CM/scratch/data/meta/CM_Payami_UAB_NGRC/zr7654_735_R1.fastq.gz;/shares/CIBIO-Storage/CM/scratch/data/meta/CM_Payami_UAB_NGRC/zr7654_735_R2.fastq.gz;
214065fb-d649-4348-9333-468171c803aa	/shares/CIBIO-Storage/CM/scratch/data/meta/CM_Payami_UAB_NGRC/zr7654_575_R1.fastq.gz;/shares/CIBIO-Storage/CM/scratch/data/meta/CM_Payami_UAB_NGRC/zr7654_575_R2.fastq.gz;
9e823aaf-6d4c-49e0-a955-22c1892f887a	/shares/CIBIO-Storage/CM/scratch/data/meta/CM_Payami_UAB_NGRC/zr7654_562_R1.fastq.gz;/shares/CIBIO-Storage/CM/scratch/data/meta/CM_Payami_UAB_NGRC/zr7654_562_R2.fastq.gz;
c44537b9-0db6-4fb4-8ae3-61c8971b2204	/shares/CIBIO-Storage/CM/scratch/data/meta/CM_Payami_UAB_NGRC/zr7654_699_R1.fastq.gz;/shares/CIBIO-Storage/CM/scratch/data/meta/CM_Payami_UAB_NGRC/zr7654_699_R2.fastq.gz;
f2bdda64-4c4e-4877-bbaf-23929230d6bf	/shares/CIBIO-Storage/CM/scratch/data/meta/CM_Payami_UAB_NGRC/zr7654_736_R1.fastq.gz;/shares/CIBIO-Storage/CM/scratch/data/meta/CM_Payami_UAB_NGRC/zr7654_736_R2.fastq.gz;
701cd9bb-d5dc-44ad-be28-9d6978d09ea7	/shares/CIBIO-Storage/CM/scratch/data/meta/CM_Payami_UAB_NGRC/zr7654_758_R1.fastq.gz;/shares/CIBIO-Storage/CM/scratch/data/meta/CM_Payami_UAB_NGRC/zr7654_758_R2.fastq.gz;
44aba5ad-bfa2-4ceb-bba6-4014206262cd	/shares/CIBIO-Storage/CM/scratch/data/meta/CM_Payami_UAB_NGRC/zr7654_551_R1.fastq.gz;/shares/CIBIO-Storage/CM/scratch/data/meta/CM_Payami_UAB_NGRC/zr7654_551_R2.fastq.gz;
0098d17d-ee57-4b16-9c8c-bfbaab04f940	/shares/CIBIO-Storage/CM/scratch/data/meta/CM_Payami_UAB_NGRC/zr7654_781_R1.fastq.gz;/shares/CIBIO-Storage/CM/scratch/data/meta/CM_Payami_UAB_NGRC/zr7654_781_R2.fastq.gz;
f912d0d5-6a52-4202-b40d-99fc2d53980b	/shares/CIBIO-Storage/CM/scratch/data/meta/CM_Payami_UAB_NGRC/zr7654_848_R1.fastq.gz;/shares/CIBIO-Storage/CM/scratch/data/meta/CM_Payami_UAB_NGRC/zr7654_848_R2.fastq.gz;
74285de8-5db1-4ec0-9c72-5869cff23c92	/shares/CIBIO-Storage/CM/scratch/data/meta/CM_Payami_UAB_NGRC/zr7654_651_R1.fastq.gz;/shares/CIBIO-Storage/CM/scratch/data/meta/CM_Payami_UAB_NGRC/zr7654_651_R2.fastq.gz;
9cea2c1a-bc78-46c3-8fcb-1d0384df3acf	/shares/CIBIO-Storage/CM/scratch/data/meta/CM_Payami_UAB_NGRC/zr7654_817_R1.fastq.gz;/shares/CIBIO-Storage/CM/scratch/data/meta/CM_Payami_UAB_NGRC/zr7654_817_R2.fastq.gz;
53e20bad-c993-4906-b420-c393415edc34	/shares/CIBIO-Storage/CM/scratch/data/meta/CM_Payami_UAB_NGRC/zr7654_771_R1.fastq.gz;/shares/CIBIO-Storage/CM/scratch/data/meta/CM_Payami_UAB_NGRC/zr7654_771_R2.fastq.gz;
e429619f-eac0-4f7f-a201-57bdec0caa15	/shares/CIBIO-Storage/CM/scratch/data/meta/CM_Payami_UAB_NGRC/zr7654_804_R1.fastq.gz;/shares/CIBIO-Storage/CM/scratch/data/meta/CM_Payami_UAB_NGRC/zr7654_804_R2.fastq.gz;
00701c39-e475-481c-9896-ed6013887460	/shares/CIBIO-Storage/CM/scratch/data/meta/CM_Payami_UAB_NGRC/zr7654_777_R1.fastq.gz;/shares/CIBIO-Storage/CM/scratch/data/meta/CM_Payami_UAB_NGRC/zr7654_777_R2.fastq.gz;
ab015717-70ac-463a-a4df-0770945a68eb	/shares/CIBIO-Storage/CM/scratch/data/meta/CM_Payami_UAB_NGRC/zr7654_659_R1.fastq.gz;/shares/CIBIO-Storage/CM/scratch/data/meta/CM_Payami_UAB_NGRC/zr7654_659_R2.fastq.gz;
0c3b3a56-857b-46f2-99c3-74cff54e9763	/shares/CIBIO-Storage/CM/scratch/data/meta/CM_Payami_UAB_NGRC/zr7654_511_R1.fastq.gz;/shares/CIBIO-Storage/CM/scratch/data/meta/CM_Payami_UAB_NGRC/zr7654_511_R2.fastq.gz;
13b543e4-0f6b-4ccb-862d-41102fe87851	/shares/CIBIO-Storage/CM/scratch/data/meta/CM_Payami_UAB_NGRC/zr7654_834_R1.fastq.gz;/shares/CIBIO-Storage/CM/scratch/data/meta/CM_Payami_UAB_NGRC/zr7654_834_R2.fastq.gz;
1c7b2aa8-dc3e-47a0-aa4d-8c02f606642b	/shares/CIBIO-Storage/CM/scratch/data/meta/CM_Payami_UAB_NGRC/zr7654_514_R1.fastq.gz;/shares/CIBIO-Storage/CM/scratch/data/meta/CM_Payami_UAB_NGRC/zr7654_514_R2.fastq.gz;
64901b22-36b4-4b75-969e-9c9457261935	/shares/CIBIO-Storage/CM/scratch/data/meta/CM_Payami_UAB_NGRC/zr7654_530_R1.fastq.gz;/shares/CIBIO-Storage/CM/scratch/data/meta/CM_Payami_UAB_NGRC/zr7654_530_R2.fastq.gz;
e2319584-aa17-4e57-8cbb-e5567454110e	/shares/CIBIO-Storage/CM/scratch/data/meta/CM_Payami_UAB_NGRC/zr7654_560_R1.fastq.gz;/shares/CIBIO-Storage/CM/scratch/data/meta/CM_Payami_UAB_NGRC/zr7654_560_R2.fastq.gz;
f9b5fbb6-36e0-41e5-a616-01eae4833f08	/shares/CIBIO-Storage/CM/scratch/data/meta/CM_Payami_UAB_NGRC/zr7654_748_R1.fastq.gz;/shares/CIBIO-Storage/CM/scratch/data/meta/CM_Payami_UAB_NGRC/zr7654_748_R2.fastq.gz;
291d33b0-7650-451e-8f3f-18b7ef9bfef8	/shares/CIBIO-Storage/CM/scratch/data/meta/CM_Payami_UAB_NGRC/zr7654_839_R1.fastq.gz;/shares/CIBIO-Storage/CM/scratch/data/meta/CM_Payami_UAB_NGRC/zr7654_839_R2.fastq.gz;
92dda963-2c77-48d6-a132-00f8d255d2e6	/shares/CIBIO-Storage/CM/scratch/data/meta/CM_Payami_UAB_NGRC/zr7654_584_R1.fastq.gz;/shares/CIBIO-Storage/CM/scratch/data/meta/CM_Payami_UAB_NGRC/zr7654_584_R2.fastq.gz;
72cf96f5-f823-492d-93b2-0db4750a4b8a	/shares/CIBIO-Storage/CM/scratch/data/meta/CM_Payami_UAB_NGRC/zr7654_542_R1.fastq.gz;/shares/CIBIO-Storage/CM/scratch/data/meta/CM_Payami_UAB_NGRC/zr7654_542_R2.fastq.gz;
14e77e67-bff4-4c0a-a7ef-1147f6f11355	/shares/CIBIO-Storage/CM/scratch/data/meta/CM_Payami_UAB_NGRC/zr7654_710_R1.fastq.gz;/shares/CIBIO-Storage/CM/scratch/data/meta/CM_Payami_UAB_NGRC/zr7654_710_R2.fastq.gz;
f7f00d38-96cf-462e-8ed4-1799666d7b1b	/shares/CIBIO-Storage/CM/scratch/data/meta/CM_Payami_UAB_NGRC/zr7654_706_R1.fastq.gz;/shares/CIBIO-Storage/CM/scratch/data/meta/CM_Payami_UAB_NGRC/zr7654_706_R2.fastq.gz;
538be410-3360-4f52-99fd-457d9a480ce8	/shares/CIBIO-Storage/CM/scratch/data/meta/CM_Payami_UAB_NGRC/zr7654_836_R1.fastq.gz;/shares/CIBIO-Storage/CM/scratch/data/meta/CM_Payami_UAB_NGRC/zr7654_836_R2.fastq.gz;
38f4dfa3-e18b-45e6-b851-40a48e988d44	/shares/CIBIO-Storage/CM/scratch/data/meta/CM_Payami_UAB_NGRC/zr7654_700_R1.fastq.gz;/shares/CIBIO-Storage/CM/scratch/data/meta/CM_Payami_UAB_NGRC/zr7654_700_R2.fastq.gz;
e880a1ff-2241-40bc-b2d4-1152bdac67a3	/shares/CIBIO-Storage/CM/scratch/data/meta/CM_Payami_UAB_NGRC/zr7654_816_R1.fastq.gz;/shares/CIBIO-Storage/CM/scratch/data/meta/CM_Payami_UAB_NGRC/zr7654_816_R2.fastq.gz;
b3384c5a-c42c-4912-9dbf-2b79ac657a08	/shares/CIBIO-Storage/CM/scratch/data/meta/CM_Payami_UAB_NGRC/zr7654_620_R1.fastq.gz;/shares/CIBIO-Storage/CM/scratch/data/meta/CM_Payami_UAB_NGRC/zr7654_620_R2.fastq.gz;
b3573fc6-fa85-4a22-ae2d-056745efe5b1	/shares/CIBIO-Storage/CM/scratch/data/meta/CM_Payami_UAB_NGRC/zr7654_724_R1.fastq.gz;/shares/CIBIO-Storage/CM/scratch/data/meta/CM_Payami_UAB_NGRC/zr7654_724_R2.fastq.gz;
82cfa8fa-245e-4662-959e-2081feee0b53	/shares/CIBIO-Storage/CM/scratch/data/meta/CM_Payami_UAB_NGRC/zr7654_643_R1.fastq.gz;/shares/CIBIO-Storage/CM/scratch/data/meta/CM_Payami_UAB_NGRC/zr7654_643_R2.fastq.gz;
a5b6fb13-e113-4578-bdce-3097ba2f964d	/shares/CIBIO-Storage/CM/scratch/data/meta/CM_Payami_UAB_NGRC/zr7654_846_R1.fastq.gz;/shares/CIBIO-Storage/CM/scratch/data/meta/CM_Payami_UAB_NGRC/zr7654_846_R2.fastq.gz;
bcd3775d-0e0c-4062-8805-12299c069dcc	/shares/CIBIO-Storage/CM/scratch/data/meta/CM_Payami_UAB_NGRC/zr7654_795_R1.fastq.gz;/shares/CIBIO-Storage/CM/scratch/data/meta/CM_Payami_UAB_NGRC/zr7654_795_R2.fastq.gz;
e091a3f1-635d-4cd9-8f3e-4257d3036c33	/shares/CIBIO-Storage/CM/scratch/data/meta/CM_Payami_UAB_NGRC/zr7654_675_R1.fastq.gz;/shares/CIBIO-Storage/CM/scratch/data/meta/CM_Payami_UAB_NGRC/zr7654_675_R2.fastq.gz;
1407e37f-4afd-43e9-9cf0-935e58103e19	/shares/CIBIO-Storage/CM/scratch/data/meta/CM_Payami_UAB_NGRC/zr7654_600_R1.fastq.gz;/shares/CIBIO-Storage/CM/scratch/data/meta/CM_Payami_UAB_NGRC/zr7654_600_R2.fastq.gz;
ce73f00f-36c7-4487-a0db-8e5eeffb0b7c	/shares/CIBIO-Storage/CM/scratch/data/meta/CM_Payami_UAB_NGRC/zr7654_695_R1.fastq.gz;/shares/CIBIO-Storage/CM/scratch/data/meta/CM_Payami_UAB_NGRC/zr7654_695_R2.fastq.gz;
3a50f04b-2f3f-4963-84da-53a8e99e0b82	/shares/CIBIO-Storage/CM/scratch/data/meta/CM_Payami_UAB_NGRC/zr7654_683_R1.fastq.gz;/shares/CIBIO-Storage/CM/scratch/data/meta/CM_Payami_UAB_NGRC/zr7654_683_R2.fastq.gz;
92c0cd10-1057-4bcf-bf95-75d44a5b84b6	/shares/CIBIO-Storage/CM/scratch/data/meta/CM_Payami_UAB_NGRC/zr7654_650_R1.fastq.gz;/shares/CIBIO-Storage/CM/scratch/data/meta/CM_Payami_UAB_NGRC/zr7654_650_R2.fastq.gz;
1b5880c9-2be9-45a0-8b8f-e3178c6a3d99	/shares/CIBIO-Storage/CM/scratch/data/meta/CM_Payami_UAB_NGRC/zr7654_719_R1.fastq.gz;/shares/CIBIO-Storage/CM/scratch/data/meta/CM_Payami_UAB_NGRC/zr7654_719_R2.fastq.gz;
626128ba-5b0d-4b07-a0aa-723513014f2e	/shares/CIBIO-Storage/CM/scratch/data/meta/CM_Payami_UAB_NGRC/zr7654_769_R1.fastq.gz;/shares/CIBIO-Storage/CM/scratch/data/meta/CM_Payami_UAB_NGRC/zr7654_769_R2.fastq.gz;
22eb8080-43b4-4d6c-bcc1-e1a7012e672d	/shares/CIBIO-Storage/CM/scratch/data/meta/CM_Payami_UAB_NGRC/zr7654_534_R1.fastq.gz;/shares/CIBIO-Storage/CM/scratch/data/meta/CM_Payami_UAB_NGRC/zr7654_534_R2.fastq.gz;
134a26fa-66e6-44ec-a48c-d81dad080877	/shares/CIBIO-Storage/CM/scratch/data/meta/CM_Payami_UAB_NGRC/zr7654_729_R1.fastq.gz;/shares/CIBIO-Storage/CM/scratch/data/meta/CM_Payami_UAB_NGRC/zr7654_729_R2.fastq.gz;
7eb32984-e603-4df6-b3d6-3016735440aa	/shares/CIBIO-Storage/CM/scratch/data/meta/CM_Payami_UAB_NGRC/zr7654_563_R1.fastq.gz;/shares/CIBIO-Storage/CM/scratch/data/meta/CM_Payami_UAB_NGRC/zr7654_563_R2.fastq.gz;
ab396875-c9ed-46c1-a7fd-4398d5ae0dae	/shares/CIBIO-Storage/CM/scratch/data/meta/CM_Payami_UAB_NGRC/zr7654_545_R1.fastq.gz;/shares/CIBIO-Storage/CM/scratch/data/meta/CM_Payami_UAB_NGRC/zr7654_545_R2.fastq.gz;
5e9d5ca2-7f50-47b2-945d-088f96a249ab	/shares/CIBIO-Storage/CM/scratch/data/meta/CM_Payami_UAB_NGRC/zr7654_515_R1.fastq.gz;/shares/CIBIO-Storage/CM/scratch/data/meta/CM_Payami_UAB_NGRC/zr7654_515_R2.fastq.gz;
7132c594-107c-47ee-be94-972f907a851f	/shares/CIBIO-Storage/CM/scratch/data/meta/CM_Payami_UAB_NGRC/zr7654_694_R1.fastq.gz;/shares/CIBIO-Storage/CM/scratch/data/meta/CM_Payami_UAB_NGRC/zr7654_694_R2.fastq.gz;
6f1f0e52-7bc7-4073-8d36-5f0c50672f7d	/shares/CIBIO-Storage/CM/scratch/data/meta/CM_Payami_UAB_NGRC/zr7654_755_R1.fastq.gz;/shares/CIBIO-Storage/CM/scratch/data/meta/CM_Payami_UAB_NGRC/zr7654_755_R2.fastq.gz;
bf5890f5-0216-4a34-b036-76ce6ada9b0b	/shares/CIBIO-Storage/CM/scratch/data/meta/CM_Payami_UAB_NGRC/zr7654_801_R1.fastq.gz;/shares/CIBIO-Storage/CM/scratch/data/meta/CM_Payami_UAB_NGRC/zr7654_801_R2.fastq.gz;
d1e19837-d788-4244-a230-92adadf70cb9	/shares/CIBIO-Storage/CM/scratch/data/meta/CM_Payami_UAB_NGRC/zr7654_632_R1.fastq.gz;/shares/CIBIO-Storage/CM/scratch/data/meta/CM_Payami_UAB_NGRC/zr7654_632_R2.fastq.gz;
82552a21-402d-460a-9ab7-bfd947b41183	/shares/CIBIO-Storage/CM/scratch/data/meta/CM_Payami_UAB_NGRC/zr7654_838_R1.fastq.gz;/shares/CIBIO-Storage/CM/scratch/data/meta/CM_Payami_UAB_NGRC/zr7654_838_R2.fastq.gz;
b000c376-9c5e-4822-98f7-ea4e138ede4f	/shares/CIBIO-Storage/CM/scratch/data/meta/CM_Payami_UAB_NGRC/zr7654_644_R1.fastq.gz;/shares/CIBIO-Storage/CM/scratch/data/meta/CM_Payami_UAB_NGRC/zr7654_644_R2.fastq.gz;
f75c88e4-477f-4636-b8da-b8364711a9d3	/shares/CIBIO-Storage/CM/scratch/data/meta/CM_Payami_UAB_NGRC/zr7654_625_R1.fastq.gz;/shares/CIBIO-Storage/CM/scratch/data/meta/CM_Payami_UAB_NGRC/zr7654_625_R2.fastq.gz;
a6ab0e4f-af4d-4e9c-a9a5-38f0ec0498cf	/shares/CIBIO-Storage/CM/scratch/data/meta/CM_Payami_UAB_NGRC/zr7654_540_R1.fastq.gz;/shares/CIBIO-Storage/CM/scratch/data/meta/CM_Payami_UAB_NGRC/zr7654_540_R2.fastq.gz;
f04748c6-2e38-4166-989e-508afed42ed2	/shares/CIBIO-Storage/CM/scratch/data/meta/CM_Payami_UAB_NGRC/zr7654_652_R1.fastq.gz;/shares/CIBIO-Storage/CM/scratch/data/meta/CM_Payami_UAB_NGRC/zr7654_652_R2.fastq.gz;
540fed1e-d0a0-4ef8-98d0-483a6e0a1861	/shares/CIBIO-Storage/CM/scratch/data/meta/CM_Payami_UAB_NGRC/zr7654_709_R1.fastq.gz;/shares/CIBIO-Storage/CM/scratch/data/meta/CM_Payami_UAB_NGRC/zr7654_709_R2.fastq.gz;
d0188270-ad85-4b0d-afe3-0ed2c61d37dd	/shares/CIBIO-Storage/CM/scratch/data/meta/CM_Payami_UAB_NGRC/zr7654_569_R1.fastq.gz;/shares/CIBIO-Storage/CM/scratch/data/meta/CM_Payami_UAB_NGRC/zr7654_569_R2.fastq.gz;
ed3a0b1b-a538-4bc5-a7bf-4813f6e3aad5	/shares/CIBIO-Storage/CM/scratch/data/meta/CM_Payami_UAB_NGRC/zr7654_564_R1.fastq.gz;/shares/CIBIO-Storage/CM/scratch/data/meta/CM_Payami_UAB_NGRC/zr7654_564_R2.fastq.gz;
3a1fbe0f-4b5a-40d0-a876-a4fbfcc7f5c0	/shares/CIBIO-Storage/CM/scratch/data/meta/CM_Payami_UAB_NGRC/zr7654_578_R1.fastq.gz;/shares/CIBIO-Storage/CM/scratch/data/meta/CM_Payami_UAB_NGRC/zr7654_578_R2.fastq.gz;
54a9ef9b-0afc-4a96-84a6-ec880a111b9d	/shares/CIBIO-Storage/CM/scratch/data/meta/CM_Payami_UAB_NGRC/zr7654_647_R1.fastq.gz;/shares/CIBIO-Storage/CM/scratch/data/meta/CM_Payami_UAB_NGRC/zr7654_647_R2.fastq.gz;
9a0a9192-8bf8-41c5-9d46-fb234d39df6e	/shares/CIBIO-Storage/CM/scratch/data/meta/CM_Payami_UAB_NGRC/zr7654_688_R1.fastq.gz;/shares/CIBIO-Storage/CM/scratch/data/meta/CM_Payami_UAB_NGRC/zr7654_688_R2.fastq.gz;
b8061fc4-7d8c-4068-a5d8-a566c240fe6e	/shares/CIBIO-Storage/CM/scratch/data/meta/CM_Payami_UAB_NGRC/zr7654_561_R1.fastq.gz;/shares/CIBIO-Storage/CM/scratch/data/meta/CM_Payami_UAB_NGRC/zr7654_561_R2.fastq.gz;
52b059ed-1010-45f4-99fe-56dbbf34f445	/shares/CIBIO-Storage/CM/scratch/data/meta/CM_Payami_UAB_NGRC/zr7654_566_R1.fastq.gz;/shares/CIBIO-Storage/CM/scratch/data/meta/CM_Payami_UAB_NGRC/zr7654_566_R2.fastq.gz;
fa72cbe6-62da-4dc4-9ddd-666c26b0c134	/shares/CIBIO-Storage/CM/scratch/data/meta/CM_Payami_UAB_NGRC/zr7654_721_R1.fastq.gz;/shares/CIBIO-Storage/CM/scratch/data/meta/CM_Payami_UAB_NGRC/zr7654_721_R2.fastq.gz;
6d3f7165-d2e0-4a5a-ab7f-41c2c5e32412	/shares/CIBIO-Storage/CM/scratch/data/meta/CM_Payami_UAB_NGRC/zr7654_648_R1.fastq.gz;/shares/CIBIO-Storage/CM/scratch/data/meta/CM_Payami_UAB_NGRC/zr7654_648_R2.fastq.gz;
9610cb3a-2fdc-4520-a866-ea38f5bb7cf9	/shares/CIBIO-Storage/CM/scratch/data/meta/CM_Payami_UAB_NGRC/zr7654_805_R1.fastq.gz;/shares/CIBIO-Storage/CM/scratch/data/meta/CM_Payami_UAB_NGRC/zr7654_805_R2.fastq.gz;
3b3470d9-7718-4478-979e-1aaebf08e9ad	/shares/CIBIO-Storage/CM/scratch/data/meta/CM_Payami_UAB_NGRC/zr7654_810_R1.fastq.gz;/shares/CIBIO-Storage/CM/scratch/data/meta/CM_Payami_UAB_NGRC/zr7654_810_R2.fastq.gz;
1e9e6763-8c56-426e-9160-80aad1e7f173	/shares/CIBIO-Storage/CM/scratch/data/meta/CM_Payami_UAB_NGRC/zr7654_827_R1.fastq.gz;/shares/CIBIO-Storage/CM/scratch/data/meta/CM_Payami_UAB_NGRC/zr7654_827_R2.fastq.gz;
28dd204a-363e-46ef-b2ac-61ded2add66c	/shares/CIBIO-Storage/CM/scratch/data/meta/CM_Payami_UAB_NGRC/zr7654_653_R1.fastq.gz;/shares/CIBIO-Storage/CM/scratch/data/meta/CM_Payami_UAB_NGRC/zr7654_653_R2.fastq.gz;
32697dd2-f4d5-4ebf-9afa-5603d0419dce	/shares/CIBIO-Storage/CM/scratch/data/meta/CM_Payami_UAB_NGRC/zr7654_809_R1.fastq.gz;/shares/CIBIO-Storage/CM/scratch/data/meta/CM_Payami_UAB_NGRC/zr7654_809_R2.fastq.gz;
f35efec6-f58f-4da0-89ee-c1930a2faf07	/shares/CIBIO-Storage/CM/scratch/data/meta/CM_Payami_UAB_NGRC/zr7654_639_R1.fastq.gz;/shares/CIBIO-Storage/CM/scratch/data/meta/CM_Payami_UAB_NGRC/zr7654_639_R2.fastq.gz;
548b7741-6508-492d-97a1-b9fedb5342f5	/shares/CIBIO-Storage/CM/scratch/data/meta/CM_Payami_UAB_NGRC/zr7654_772_R1.fastq.gz;/shares/CIBIO-Storage/CM/scratch/data/meta/CM_Payami_UAB_NGRC/zr7654_772_R2.fastq.gz;
db5387ce-cece-4a49-83ed-e9f6db93c2bf	/shares/CIBIO-Storage/CM/scratch/data/meta/CM_Payami_UAB_NGRC/zr7654_634_R1.fastq.gz;/shares/CIBIO-Storage/CM/scratch/data/meta/CM_Payami_UAB_NGRC/zr7654_634_R2.fastq.gz;
d8b45a8a-a057-46a8-871a-3f0d1600b24b	/shares/CIBIO-Storage/CM/scratch/data/meta/CM_Payami_UAB_NGRC/zr7654_707_R1.fastq.gz;/shares/CIBIO-Storage/CM/scratch/data/meta/CM_Payami_UAB_NGRC/zr7654_707_R2.fastq.gz;
7a5f1004-0e58-457f-bfb0-9ea9aca97ba1	/shares/CIBIO-Storage/CM/scratch/data/meta/CM_Payami_UAB_NGRC/zr7654_559_R1.fastq.gz;/shares/CIBIO-Storage/CM/scratch/data/meta/CM_Payami_UAB_NGRC/zr7654_559_R2.fastq.gz;
031edea7-4fac-4f12-b44a-d7c7438efd82	/shares/CIBIO-Storage/CM/scratch/data/meta/CM_Payami_UAB_NGRC/zr7654_583_R1.fastq.gz;/shares/CIBIO-Storage/CM/scratch/data/meta/CM_Payami_UAB_NGRC/zr7654_583_R2.fastq.gz;
7a673dfc-0b83-4e02-a4de-1234be77c4ed	/shares/CIBIO-Storage/CM/scratch/data/meta/CM_Payami_UAB_NGRC/zr7654_747_R1.fastq.gz;/shares/CIBIO-Storage/CM/scratch/data/meta/CM_Payami_UAB_NGRC/zr7654_747_R2.fastq.gz;
fd60edec-229c-4fa1-90cf-927360710219	/shares/CIBIO-Storage/CM/scratch/data/meta/CM_Payami_UAB_NGRC/zr7654_570_R1.fastq.gz;/shares/CIBIO-Storage/CM/scratch/data/meta/CM_Payami_UAB_NGRC/zr7654_570_R2.fastq.gz;
efd21aa3-b779-4ad5-afbe-2371af53f59b	/shares/CIBIO-Storage/CM/scratch/data/meta/CM_Payami_UAB_NGRC/zr7654_538_R1.fastq.gz;/shares/CIBIO-Storage/CM/scratch/data/meta/CM_Payami_UAB_NGRC/zr7654_538_R2.fastq.gz;
e646e628-6c5f-494f-ae0f-9b650573ef3f	/shares/CIBIO-Storage/CM/scratch/data/meta/CM_Payami_UAB_NGRC/zr7654_712_R1.fastq.gz;/shares/CIBIO-Storage/CM/scratch/data/meta/CM_Payami_UAB_NGRC/zr7654_712_R2.fastq.gz;
3272ff12-088b-43d3-93d3-3c10cdb107fe	/shares/CIBIO-Storage/CM/scratch/data/meta/CM_Payami_UAB_NGRC/zr7654_753_R1.fastq.gz;/shares/CIBIO-Storage/CM/scratch/data/meta/CM_Payami_UAB_NGRC/zr7654_753_R2.fastq.gz;
f49c39ae-bd2b-4385-bc9b-5fdea6e79acf	/shares/CIBIO-Storage/CM/scratch/data/meta/CM_Payami_UAB_NGRC/zr7654_741_R1.fastq.gz;/shares/CIBIO-Storage/CM/scratch/data/meta/CM_Payami_UAB_NGRC/zr7654_741_R2.fastq.gz;
71da3710-fb05-4460-acc2-1f807ba5e100	/shares/CIBIO-Storage/CM/scratch/data/meta/CM_Payami_UAB_NGRC/zr7654_785_R1.fastq.gz;/shares/CIBIO-Storage/CM/scratch/data/meta/CM_Payami_UAB_NGRC/zr7654_785_R2.fastq.gz;
6d4edaa3-8b95-4602-9945-0fc1a4a651ce	/shares/CIBIO-Storage/CM/scratch/data/meta/CM_Payami_UAB_NGRC/zr7654_732_R1.fastq.gz;/shares/CIBIO-Storage/CM/scratch/data/meta/CM_Payami_UAB_NGRC/zr7654_732_R2.fastq.gz;
2e40dd76-e2f5-4813-b88c-bab1a133d3c3	/shares/CIBIO-Storage/CM/scratch/data/meta/CM_Payami_UAB_NGRC/zr7654_760_R1.fastq.gz;/shares/CIBIO-Storage/CM/scratch/data/meta/CM_Payami_UAB_NGRC/zr7654_760_R2.fastq.gz;
b7848d8b-d73c-4013-b8db-ba7a5c191ee0	/shares/CIBIO-Storage/CM/scratch/data/meta/CM_Payami_UAB_NGRC/zr7654_802_R1.fastq.gz;/shares/CIBIO-Storage/CM/scratch/data/meta/CM_Payami_UAB_NGRC/zr7654_802_R2.fastq.gz;
fc07f7b4-4eda-4b2b-9b19-6f316128c666	/shares/CIBIO-Storage/CM/scratch/data/meta/CM_Payami_UAB_NGRC/zr7654_716_R1.fastq.gz;/shares/CIBIO-Storage/CM/scratch/data/meta/CM_Payami_UAB_NGRC/zr7654_716_R2.fastq.gz;
ea8cb7ed-882a-4c6a-83a8-10753b010491	/shares/CIBIO-Storage/CM/scratch/data/meta/CM_Payami_UAB_NGRC/zr7654_573_R1.fastq.gz;/shares/CIBIO-Storage/CM/scratch/data/meta/CM_Payami_UAB_NGRC/zr7654_573_R2.fastq.gz;
1f3156ca-297a-48fe-be3b-06721a46c6a6	/shares/CIBIO-Storage/CM/scratch/data/meta/CM_Payami_UAB_NGRC/zr7654_751_R1.fastq.gz;/shares/CIBIO-Storage/CM/scratch/data/meta/CM_Payami_UAB_NGRC/zr7654_751_R2.fastq.gz;
3c766e73-796a-4891-8d08-c1e301c22ffa	/shares/CIBIO-Storage/CM/scratch/data/meta/CM_Payami_UAB_NGRC/zr7654_737_R1.fastq.gz;/shares/CIBIO-Storage/CM/scratch/data/meta/CM_Payami_UAB_NGRC/zr7654_737_R2.fastq.gz;
f0001a27-139c-4add-85a9-3cf8c3e784d8	/shares/CIBIO-Storage/CM/scratch/data/meta/CM_Payami_UAB_NGRC/zr7654_533_R1.fastq.gz;/shares/CIBIO-Storage/CM/scratch/data/meta/CM_Payami_UAB_NGRC/zr7654_533_R2.fastq.gz;
3eece53a-b0c8-4827-91df-3d32676a822e	/shares/CIBIO-Storage/CM/scratch/data/meta/CM_Payami_UAB_NGRC/zr7654_845_R1.fastq.gz;/shares/CIBIO-Storage/CM/scratch/data/meta/CM_Payami_UAB_NGRC/zr7654_845_R2.fastq.gz;
0a7d57ed-abc0-4435-9914-f53a1b6238d7	/shares/CIBIO-Storage/CM/scratch/data/meta/CM_Payami_UAB_NGRC/zr7654_766_R1.fastq.gz;/shares/CIBIO-Storage/CM/scratch/data/meta/CM_Payami_UAB_NGRC/zr7654_766_R2.fastq.gz;
b1e7a33f-7160-4604-9d27-4e87705640aa	/shares/CIBIO-Storage/CM/scratch/data/meta/CM_Payami_UAB_NGRC/zr7654_636_R1.fastq.gz;/shares/CIBIO-Storage/CM/scratch/data/meta/CM_Payami_UAB_NGRC/zr7654_636_R2.fastq.gz;
d95a51e4-c1a5-4cb7-a56d-1f4b9264c4ce	/shares/CIBIO-Storage/CM/scratch/data/meta/CM_Payami_UAB_NGRC/zr7654_759_R1.fastq.gz;/shares/CIBIO-Storage/CM/scratch/data/meta/CM_Payami_UAB_NGRC/zr7654_759_R2.fastq.gz;
7876ab02-2362-4041-85e5-532d98fea849	/shares/CIBIO-Storage/CM/scratch/data/meta/CM_Payami_UAB_NGRC/zr7654_835_R1.fastq.gz;/shares/CIBIO-Storage/CM/scratch/data/meta/CM_Payami_UAB_NGRC/zr7654_835_R2.fastq.gz;
ead079c7-a069-4b71-8a5a-d5fe6f937ab1	/shares/CIBIO-Storage/CM/scratch/data/meta/CM_Payami_UAB_NGRC/zr7654_754_R1.fastq.gz;/shares/CIBIO-Storage/CM/scratch/data/meta/CM_Payami_UAB_NGRC/zr7654_754_R2.fastq.gz;
641faaec-10e8-4a7c-a7d7-751a0e2c8adb	/shares/CIBIO-Storage/CM/scratch/data/meta/CM_Payami_UAB_NGRC/zr7654_813_R1.fastq.gz;/shares/CIBIO-Storage/CM/scratch/data/meta/CM_Payami_UAB_NGRC/zr7654_813_R2.fastq.gz;
d3eb3c1a-ea58-49a7-bf3e-f23976055b7a	/shares/CIBIO-Storage/CM/scratch/data/meta/CM_Payami_UAB_NGRC/zr7654_723_R1.fastq.gz;/shares/CIBIO-Storage/CM/scratch/data/meta/CM_Payami_UAB_NGRC/zr7654_723_R2.fastq.gz;
444e732e-1a4e-419a-b198-0fbccbdf44ac	/shares/CIBIO-Storage/CM/scratch/data/meta/CM_Payami_UAB_NGRC/zr7654_770_R1.fastq.gz;/shares/CIBIO-Storage/CM/scratch/data/meta/CM_Payami_UAB_NGRC/zr7654_770_R2.fastq.gz;
73e5a5e3-3aaa-4c24-be27-3d06a3bd96cf	/shares/CIBIO-Storage/CM/scratch/data/meta/CM_Payami_UAB_NGRC/zr7654_705_R1.fastq.gz;/shares/CIBIO-Storage/CM/scratch/data/meta/CM_Payami_UAB_NGRC/zr7654_705_R2.fastq.gz;
888d98d3-2aa1-47f2-bc86-a199029dc8d5	/shares/CIBIO-Storage/CM/scratch/data/meta/CM_Payami_UAB_NGRC/zr7654_702_R1.fastq.gz;/shares/CIBIO-Storage/CM/scratch/data/meta/CM_Payami_UAB_NGRC/zr7654_702_R2.fastq.gz;
7a93fa51-d339-4ceb-8208-aa75a8aea09c	/shares/CIBIO-Storage/CM/scratch/data/meta/CM_Payami_UAB_NGRC/zr7654_549_R1.fastq.gz;/shares/CIBIO-Storage/CM/scratch/data/meta/CM_Payami_UAB_NGRC/zr7654_549_R2.fastq.gz;
d9795b76-1145-4a92-9618-85f5f51f7e5c	/shares/CIBIO-Storage/CM/scratch/data/meta/CM_Payami_UAB_NGRC/zr7654_791_R1.fastq.gz;/shares/CIBIO-Storage/CM/scratch/data/meta/CM_Payami_UAB_NGRC/zr7654_791_R2.fastq.gz;
1f170ad9-7ac8-4744-9cdd-01e6a8dc430c	/shares/CIBIO-Storage/CM/scratch/data/meta/CM_Payami_UAB_NGRC/zr7654_701_R1.fastq.gz;/shares/CIBIO-Storage/CM/scratch/data/meta/CM_Payami_UAB_NGRC/zr7654_701_R2.fastq.gz;
3870343c-e1a7-4df1-8809-7513ae11bf34	/shares/CIBIO-Storage/CM/scratch/data/meta/CM_Payami_UAB_NGRC/zr7654_571_R1.fastq.gz;/shares/CIBIO-Storage/CM/scratch/data/meta/CM_Payami_UAB_NGRC/zr7654_571_R2.fastq.gz;
19173b73-45a4-4de6-a1b6-36c42d676af3	/shares/CIBIO-Storage/CM/scratch/data/meta/CM_Payami_UAB_NGRC/zr7654_843_R1.fastq.gz;/shares/CIBIO-Storage/CM/scratch/data/meta/CM_Payami_UAB_NGRC/zr7654_843_R2.fastq.gz;
7149af4c-91df-4cea-9c7c-912e3769176e	/shares/CIBIO-Storage/CM/scratch/data/meta/CM_Payami_UAB_NGRC/zr7654_819_R1.fastq.gz;/shares/CIBIO-Storage/CM/scratch/data/meta/CM_Payami_UAB_NGRC/zr7654_819_R2.fastq.gz;
b750e860-3f18-4fb3-80d7-c55b7df3ccf6	/shares/CIBIO-Storage/CM/scratch/data/meta/CM_Payami_UAB_NGRC/zr7654_830_R1.fastq.gz;/shares/CIBIO-Storage/CM/scratch/data/meta/CM_Payami_UAB_NGRC/zr7654_830_R2.fastq.gz;
10cf56fd-d122-4e18-af6e-32917b7c3020	/shares/CIBIO-Storage/CM/scratch/data/meta/CM_Payami_UAB_NGRC/zr7654_656_R1.fastq.gz;/shares/CIBIO-Storage/CM/scratch/data/meta/CM_Payami_UAB_NGRC/zr7654_656_R2.fastq.gz;
cd5aec3f-27e8-4dc1-bd39-ff70303b9935	/shares/CIBIO-Storage/CM/scratch/data/meta/CM_Payami_UAB_NGRC/zr7654_697_R1.fastq.gz;/shares/CIBIO-Storage/CM/scratch/data/meta/CM_Payami_UAB_NGRC/zr7654_697_R2.fastq.gz;
7e1cd754-89c8-415b-983c-764382db11af	/shares/CIBIO-Storage/CM/scratch/data/meta/CM_Payami_UAB_NGRC/zr7654_579_R1.fastq.gz;/shares/CIBIO-Storage/CM/scratch/data/meta/CM_Payami_UAB_NGRC/zr7654_579_R2.fastq.gz;
2dd2586b-bae2-44ce-8c95-94a23e66599c	/shares/CIBIO-Storage/CM/scratch/data/meta/CM_Payami_UAB_NGRC/zr7654_660_R1.fastq.gz;/shares/CIBIO-Storage/CM/scratch/data/meta/CM_Payami_UAB_NGRC/zr7654_660_R2.fastq.gz;
46b3df16-3f80-4a45-8085-83aabdee9133	/shares/CIBIO-Storage/CM/scratch/data/meta/CM_Payami_UAB_NGRC/zr7654_677_R1.fastq.gz;/shares/CIBIO-Storage/CM/scratch/data/meta/CM_Payami_UAB_NGRC/zr7654_677_R2.fastq.gz;
9b01f106-afe9-4fb9-b475-c52b48942bf5	/shares/CIBIO-Storage/CM/scratch/data/meta/CM_Payami_UAB_NGRC/zr7654_662_R1.fastq.gz;/shares/CIBIO-Storage/CM/scratch/data/meta/CM_Payami_UAB_NGRC/zr7654_662_R2.fastq.gz;
3d780752-ed52-42af-a0fa-ae36fc41c7a6	/shares/CIBIO-Storage/CM/scratch/data/meta/CM_Payami_UAB_NGRC/zr7654_678_R1.fastq.gz;/shares/CIBIO-Storage/CM/scratch/data/meta/CM_Payami_UAB_NGRC/zr7654_678_R2.fastq.gz;
7113801e-2d4e-48ef-b065-766552f18344	/shares/CIBIO-Storage/CM/scratch/data/meta/CM_Payami_UAB_NGRC/zr7654_642_R1.fastq.gz;/shares/CIBIO-Storage/CM/scratch/data/meta/CM_Payami_UAB_NGRC/zr7654_642_R2.fastq.gz;
6eff59ca-3714-42e4-af30-c3aa11b6fe4f	/shares/CIBIO-Storage/CM/scratch/data/meta/CM_Payami_UAB_NGRC/zr7654_581_R1.fastq.gz;/shares/CIBIO-Storage/CM/scratch/data/meta/CM_Payami_UAB_NGRC/zr7654_581_R2.fastq.gz;
19feb8b9-bf18-4132-9d3e-d7ab5b402c78	/shares/CIBIO-Storage/CM/scratch/data/meta/CM_Payami_UAB_NGRC/zr7654_661_R1.fastq.gz;/shares/CIBIO-Storage/CM/scratch/data/meta/CM_Payami_UAB_NGRC/zr7654_661_R2.fastq.gz;
8b9709f7-2ead-411a-9a52-122d7c0cfc53	/shares/CIBIO-Storage/CM/scratch/data/meta/CM_Payami_UAB_NGRC/zr7654_682_R1.fastq.gz;/shares/CIBIO-Storage/CM/scratch/data/meta/CM_Payami_UAB_NGRC/zr7654_682_R2.fastq.gz;
2938b1a9-710c-427e-8891-04646bfa1b91	/shares/CIBIO-Storage/CM/scratch/data/meta/CM_Payami_UAB_NGRC/zr7654_588_R1.fastq.gz;/shares/CIBIO-Storage/CM/scratch/data/meta/CM_Payami_UAB_NGRC/zr7654_588_R2.fastq.gz;
86f96b42-c23d-4712-8884-781f55dc8de0	/shares/CIBIO-Storage/CM/scratch/data/meta/CM_Payami_UAB_NGRC/zr7654_698_R1.fastq.gz;/shares/CIBIO-Storage/CM/scratch/data/meta/CM_Payami_UAB_NGRC/zr7654_698_R2.fastq.gz;
f67d2269-6b11-4023-a33f-97545618c537	/shares/CIBIO-Storage/CM/scratch/data/meta/CM_Payami_UAB_NGRC/zr7654_713_R1.fastq.gz;/shares/CIBIO-Storage/CM/scratch/data/meta/CM_Payami_UAB_NGRC/zr7654_713_R2.fastq.gz;
aea48cc8-1aa0-4e18-a7b5-52651fb39a9f	/shares/CIBIO-Storage/CM/scratch/data/meta/CM_Payami_UAB_NGRC/zr7654_572_R1.fastq.gz;/shares/CIBIO-Storage/CM/scratch/data/meta/CM_Payami_UAB_NGRC/zr7654_572_R2.fastq.gz;
84aeac48-1a19-4e5e-8137-332644313769	/shares/CIBIO-Storage/CM/scratch/data/meta/CM_Payami_UAB_NGRC/zr7654_680_R1.fastq.gz;/shares/CIBIO-Storage/CM/scratch/data/meta/CM_Payami_UAB_NGRC/zr7654_680_R2.fastq.gz;
ea28d980-db6a-435e-a8f3-3e67484e9511	/shares/CIBIO-Storage/CM/scratch/data/meta/CM_Payami_UAB_NGRC/zr7654_671_R1.fastq.gz;/shares/CIBIO-Storage/CM/scratch/data/meta/CM_Payami_UAB_NGRC/zr7654_671_R2.fastq.gz;
2395545b-427c-49a2-ae49-97b79b8c9ac0	/shares/CIBIO-Storage/CM/scratch/data/meta/CM_Payami_UAB_NGRC/zr7654_574_R1.fastq.gz;/shares/CIBIO-Storage/CM/scratch/data/meta/CM_Payami_UAB_NGRC/zr7654_574_R2.fastq.gz;
8cebacaa-5d58-47a6-86df-4b1b093d0e78	/shares/CIBIO-Storage/CM/scratch/data/meta/CM_Payami_UAB_NGRC/zr7654_586_R1.fastq.gz;/shares/CIBIO-Storage/CM/scratch/data/meta/CM_Payami_UAB_NGRC/zr7654_586_R2.fastq.gz;
d33e3409-4c53-4698-b2fd-19b7c9a36634	/shares/CIBIO-Storage/CM/scratch/data/meta/CM_Payami_UAB_NGRC/zr7654_670_R1.fastq.gz;/shares/CIBIO-Storage/CM/scratch/data/meta/CM_Payami_UAB_NGRC/zr7654_670_R2.fastq.gz;
21c157f0-c85e-4ad4-b446-6d70ad8078b2	/shares/CIBIO-Storage/CM/scratch/data/meta/CM_Payami_UAB_NGRC/zr7654_672_R1.fastq.gz;/shares/CIBIO-Storage/CM/scratch/data/meta/CM_Payami_UAB_NGRC/zr7654_672_R2.fastq.gz;
48bcad14-9de5-4b52-9940-7ae8be7af111	/shares/CIBIO-Storage/CM/scratch/data/meta/CM_Payami_UAB_NGRC/zr7654_665_R1.fastq.gz;/shares/CIBIO-Storage/CM/scratch/data/meta/CM_Payami_UAB_NGRC/zr7654_665_R2.fastq.gz;
a60ece60-f036-4177-bad3-c6e550b01462	/shares/CIBIO-Storage/CM/scratch/data/meta/CM_Payami_UAB_NGRC/zr7654_645_R1.fastq.gz;/shares/CIBIO-Storage/CM/scratch/data/meta/CM_Payami_UAB_NGRC/zr7654_645_R2.fastq.gz;
e2218431-0137-4c51-96b4-e4d0d8da8386	/shares/CIBIO-Storage/CM/scratch/data/meta/CM_Payami_UAB_NGRC/zr7654_708_R1.fastq.gz;/shares/CIBIO-Storage/CM/scratch/data/meta/CM_Payami_UAB_NGRC/zr7654_708_R2.fastq.gz;
5eccb674-e54c-44c7-b571-3dd228e42768	/shares/CIBIO-Storage/CM/scratch/data/meta/CM_Payami_UAB_NGRC/zr7654_640_R1.fastq.gz;/shares/CIBIO-Storage/CM/scratch/data/meta/CM_Payami_UAB_NGRC/zr7654_640_R2.fastq.gz;
dfaaf368-90cb-40b5-9a04-4d4984c561f2	/shares/CIBIO-Storage/CM/scratch/data/meta/CM_Payami_UAB_NGRC/zr7654_718_R1.fastq.gz;/shares/CIBIO-Storage/CM/scratch/data/meta/CM_Payami_UAB_NGRC/zr7654_718_R2.fastq.gz;
47348dfc-e140-443b-8908-809f737b81b9	/shares/CIBIO-Storage/CM/scratch/data/meta/CM_Payami_UAB_NGRC/zr7654_782_R1.fastq.gz;/shares/CIBIO-Storage/CM/scratch/data/meta/CM_Payami_UAB_NGRC/zr7654_782_R2.fastq.gz;
21973c20-1c49-4c38-bee6-a0303dd24954	/shares/CIBIO-Storage/CM/scratch/data/meta/CM_Payami_UAB_NGRC/zr7654_840_R1.fastq.gz;/shares/CIBIO-Storage/CM/scratch/data/meta/CM_Payami_UAB_NGRC/zr7654_840_R2.fastq.gz;
4b676ef2-88dd-4772-b4da-d03a4dab6222	/shares/CIBIO-Storage/CM/scratch/data/meta/CM_Payami_UAB_NGRC/zr7654_711_R1.fastq.gz;/shares/CIBIO-Storage/CM/scratch/data/meta/CM_Payami_UAB_NGRC/zr7654_711_R2.fastq.gz;
f42e8050-9b07-47fd-b63c-4d32004f727d	/shares/CIBIO-Storage/CM/scratch/data/meta/CM_Payami_UAB_NGRC/zr7654_637_R1.fastq.gz;/shares/CIBIO-Storage/CM/scratch/data/meta/CM_Payami_UAB_NGRC/zr7654_637_R2.fastq.gz;
3ac853ca-168a-4aa2-9b6a-a273cf8b9820	/shares/CIBIO-Storage/CM/scratch/data/meta/CM_Payami_UAB_NGRC/zr7654_715_R1.fastq.gz;/shares/CIBIO-Storage/CM/scratch/data/meta/CM_Payami_UAB_NGRC/zr7654_715_R2.fastq.gz;
a441e2a9-1e85-4e97-9978-a3ff8b9b2aa3	/shares/CIBIO-Storage/CM/scratch/data/meta/CM_Payami_UAB_NGRC/zr7654_704_R1.fastq.gz;/shares/CIBIO-Storage/CM/scratch/data/meta/CM_Payami_UAB_NGRC/zr7654_704_R2.fastq.gz;
98d3db77-c877-45ad-bdf4-94017fa3b00c	/shares/CIBIO-Storage/CM/scratch/data/meta/CM_Payami_UAB_NGRC/zr7654_655_R1.fastq.gz;/shares/CIBIO-Storage/CM/scratch/data/meta/CM_Payami_UAB_NGRC/zr7654_655_R2.fastq.gz;
988e87b9-6b40-48c0-b210-a406d255455e	/shares/CIBIO-Storage/CM/scratch/data/meta/CM_Payami_UAB_NGRC/zr7654_797_R1.fastq.gz;/shares/CIBIO-Storage/CM/scratch/data/meta/CM_Payami_UAB_NGRC/zr7654_797_R2.fastq.gz;
d713a7a6-013f-426d-aeee-58ffb39ced57	/shares/CIBIO-Storage/CM/scratch/data/meta/CM_Payami_UAB_NGRC/zr7654_657_R1.fastq.gz;/shares/CIBIO-Storage/CM/scratch/data/meta/CM_Payami_UAB_NGRC/zr7654_657_R2.fastq.gz;
7f87d719-1fc0-4724-806b-ae5c2084bbc5	/shares/CIBIO-Storage/CM/scratch/data/meta/CM_Payami_UAB_NGRC/zr7654_641_R1.fastq.gz;/shares/CIBIO-Storage/CM/scratch/data/meta/CM_Payami_UAB_NGRC/zr7654_641_R2.fastq.gz;
b7aab9a5-be99-41c5-8ad3-13bbc1b05a14	/shares/CIBIO-Storage/CM/scratch/data/meta/CM_Payami_UAB_NGRC/zr7654_841_R1.fastq.gz;/shares/CIBIO-Storage/CM/scratch/data/meta/CM_Payami_UAB_NGRC/zr7654_841_R2.fastq.gz;
c5e4779d-3498-4aa7-9d6b-76a17e32d315	/shares/CIBIO-Storage/CM/scratch/data/meta/CM_Payami_UAB_NGRC/zr7654_850_R1.fastq.gz;/shares/CIBIO-Storage/CM/scratch/data/meta/CM_Payami_UAB_NGRC/zr7654_850_R2.fastq.gz;
d66b1238-fc77-4e95-b697-8893e9ca3801	/shares/CIBIO-Storage/CM/scratch/data/meta/CM_Payami_UAB_NGRC/zr7654_768_R1.fastq.gz;/shares/CIBIO-Storage/CM/scratch/data/meta/CM_Payami_UAB_NGRC/zr7654_768_R2.fastq.gz;
a53716fa-4997-488d-9761-5521dc72d389	/shares/CIBIO-Storage/CM/scratch/data/meta/CM_Payami_UAB_NGRC/zr7654_756_R1.fastq.gz;/shares/CIBIO-Storage/CM/scratch/data/meta/CM_Payami_UAB_NGRC/zr7654_756_R2.fastq.gz;
db7dcdc9-afc8-42a1-a7dd-521af5222b4c	/shares/CIBIO-Storage/CM/scratch/data/meta/CM_Payami_UAB_NGRC/zr7654_763_R1.fastq.gz;/shares/CIBIO-Storage/CM/scratch/data/meta/CM_Payami_UAB_NGRC/zr7654_763_R2.fastq.gz;
5c5e91be-2143-4c28-98d5-9cd5e6add5de	/shares/CIBIO-Storage/CM/scratch/data/meta/CM_Payami_UAB_NGRC/zr7654_761_R1.fastq.gz;/shares/CIBIO-Storage/CM/scratch/data/meta/CM_Payami_UAB_NGRC/zr7654_761_R2.fastq.gz;
f1173971-d715-4454-a0dc-01d48cb55401	/shares/CIBIO-Storage/CM/scratch/data/meta/CM_Payami_UAB_NGRC/zr7654_773_R1.fastq.gz;/shares/CIBIO-Storage/CM/scratch/data/meta/CM_Payami_UAB_NGRC/zr7654_773_R2.fastq.gz;
2c3b08f8-b130-40ad-bf15-53f04117c824	/shares/CIBIO-Storage/CM/scratch/data/meta/CM_Payami_UAB_NGRC/zr7654_798_R1.fastq.gz;/shares/CIBIO-Storage/CM/scratch/data/meta/CM_Payami_UAB_NGRC/zr7654_798_R2.fastq.gz;
0b46aee6-a175-4dff-8ee9-de2d9f2244e9	/shares/CIBIO-Storage/CM/scratch/data/meta/CM_Payami_UAB_NGRC/zr7654_822_R1.fastq.gz;/shares/CIBIO-Storage/CM/scratch/data/meta/CM_Payami_UAB_NGRC/zr7654_822_R2.fastq.gz;
1f4196c2-33bc-457d-acc7-61a5b7b4ae24	/shares/CIBIO-Storage/CM/scratch/data/meta/CM_Payami_UAB_NGRC/zr7654_762_R1.fastq.gz;/shares/CIBIO-Storage/CM/scratch/data/meta/CM_Payami_UAB_NGRC/zr7654_762_R2.fastq.gz;
31e27aac-b146-4fb4-8bd1-c44f94c0a119	/shares/CIBIO-Storage/CM/scratch/data/meta/CM_Payami_UAB_NGRC/zr7654_792_R1.fastq.gz;/shares/CIBIO-Storage/CM/scratch/data/meta/CM_Payami_UAB_NGRC/zr7654_792_R2.fastq.gz;
53804b2e-21a7-4f70-b612-02c26fe8387b	/shares/CIBIO-Storage/CM/scratch/data/meta/CM_Payami_UAB_NGRC/zr7654_824_R1.fastq.gz;/shares/CIBIO-Storage/CM/scratch/data/meta/CM_Payami_UAB_NGRC/zr7654_824_R2.fastq.gz;
825d0db4-36ad-4fc5-b060-4a4517678a6d	/shares/CIBIO-Storage/CM/scratch/data/meta/CM_Payami_UAB_NGRC/zr7654_826_R1.fastq.gz;/shares/CIBIO-Storage/CM/scratch/data/meta/CM_Payami_UAB_NGRC/zr7654_826_R2.fastq.gz;
59d16b8d-de10-4be2-a12f-bcc5942cccc9	/shares/CIBIO-Storage/CM/scratch/data/meta/CM_Payami_UAB_NGRC/zr7654_825_R1.fastq.gz;/shares/CIBIO-Storage/CM/scratch/data/meta/CM_Payami_UAB_NGRC/zr7654_825_R2.fastq.gz;
b90b954c-49ae-4b38-9ceb-2f43894d128c	/shares/CIBIO-Storage/CM/scratch/data/meta/CM_Payami_UAB_NGRC/zr7654_776_R1.fastq.gz;/shares/CIBIO-Storage/CM/scratch/data/meta/CM_Payami_UAB_NGRC/zr7654_776_R2.fastq.gz;
874829c2-5c6f-4690-baa3-c7ecc87d9337	/shares/CIBIO-Storage/CM/scratch/data/meta/CM_Payami_UAB_NGRC/zr7654_767_R1.fastq.gz;/shares/CIBIO-Storage/CM/scratch/data/meta/CM_Payami_UAB_NGRC/zr7654_767_R2.fastq.gz;
172aa23f-7d2c-4f26-ba76-12dbaca85afd	/shares/CIBIO-Storage/CM/scratch/data/meta/CM_Payami_UAB_NGRC/zr7654_786_R1.fastq.gz;/shares/CIBIO-Storage/CM/scratch/data/meta/CM_Payami_UAB_NGRC/zr7654_786_R2.fastq.gz;
fabd8f84-1d07-497c-9a52-0a8f5b635de0	/shares/CIBIO-Storage/CM/scratch/data/meta/CM_Payami_UAB_NGRC/zr7654_779_R1.fastq.gz;/shares/CIBIO-Storage/CM/scratch/data/meta/CM_Payami_UAB_NGRC/zr7654_779_R2.fastq.gz;
edcbdeae-09fe-4597-8a89-9daecb988b68	/shares/CIBIO-Storage/CM/scratch/data/meta/CM_Payami_UAB_NGRC/zr7654_793_R1.fastq.gz;/shares/CIBIO-Storage/CM/scratch/data/meta/CM_Payami_UAB_NGRC/zr7654_793_R2.fastq.gz;
c0e313b7-7b25-4107-a97a-8cb42a8a358b	/shares/CIBIO-Storage/CM/scratch/data/meta/CM_Payami_UAB_NGRC/zr7654_780_R1.fastq.gz;/shares/CIBIO-Storage/CM/scratch/data/meta/CM_Payami_UAB_NGRC/zr7654_780_R2.fastq.gz;
6b180a34-78f2-4196-b67a-354bb5f26be4	/shares/CIBIO-Storage/CM/scratch/data/meta/CM_Payami_UAB_NGRC/zr7654_547_R1.fastq.gz;/shares/CIBIO-Storage/CM/scratch/data/meta/CM_Payami_UAB_NGRC/zr7654_547_R2.fastq.gz;
1deb70c3-468d-4b1b-8cb3-e792d159c57b	/shares/CIBIO-Storage/CM/scratch/data/meta/CM_Payami_UAB_NGRC/zr7654_818_R1.fastq.gz;/shares/CIBIO-Storage/CM/scratch/data/meta/CM_Payami_UAB_NGRC/zr7654_818_R2.fastq.gz;
6a9bfcef-c745-46a2-a278-41330d4ae531	/shares/CIBIO-Storage/CM/scratch/data/meta/CM_Payami_UAB_NGRC/zr7654_833_R1.fastq.gz;/shares/CIBIO-Storage/CM/scratch/data/meta/CM_Payami_UAB_NGRC/zr7654_833_R2.fastq.gz;
6a8eb7c9-8959-46fe-bf66-b269cfccb073	/shares/CIBIO-Storage/CM/scratch/data/meta/CM_Payami_UAB_NGRC/zr7654_783_R1.fastq.gz;/shares/CIBIO-Storage/CM/scratch/data/meta/CM_Payami_UAB_NGRC/zr7654_783_R2.fastq.gz;
602ecb95-0228-48ac-ad15-50c096f00c35	/shares/CIBIO-Storage/CM/scratch/data/meta/CM_Payami_UAB_NGRC/zr7654_823_R1.fastq.gz;/shares/CIBIO-Storage/CM/scratch/data/meta/CM_Payami_UAB_NGRC/zr7654_823_R2.fastq.gz;
c0bf90be-6cc3-4d5e-a1d6-d0879370ee96	/shares/CIBIO-Storage/CM/scratch/data/meta/CM_Payami_UAB_NGRC/zr7654_828_R1.fastq.gz;/shares/CIBIO-Storage/CM/scratch/data/meta/CM_Payami_UAB_NGRC/zr7654_828_R2.fastq.gz;
f9d3e6b3-1175-4b37-a59a-57b968edae16	/shares/CIBIO-Storage/CM/scratch/data/meta/CM_Payami_UAB_NGRC/zr7654_686_R1.fastq.gz;/shares/CIBIO-Storage/CM/scratch/data/meta/CM_Payami_UAB_NGRC/zr7654_686_R2.fastq.gz;
72ddcede-5697-400f-914c-470534469a88	/shares/CIBIO-Storage/CM/scratch/data/meta/CM_Payami_UAB_NGRC/zr7654_821_R1.fastq.gz;/shares/CIBIO-Storage/CM/scratch/data/meta/CM_Payami_UAB_NGRC/zr7654_821_R2.fastq.gz;
1e60b8e1-ae06-4ba2-b685-11709ad85df3	/shares/CIBIO-Storage/CM/scratch/data/meta/CM_Payami_UAB_NGRC/zr7654_544_R1.fastq.gz;/shares/CIBIO-Storage/CM/scratch/data/meta/CM_Payami_UAB_NGRC/zr7654_544_R2.fastq.gz;
1815bcc3-84c9-4d08-b7bb-efa9893e6920	/shares/CIBIO-Storage/CM/scratch/data/meta/CM_Payami_UAB_NGRC/zr7654_546_R1.fastq.gz;/shares/CIBIO-Storage/CM/scratch/data/meta/CM_Payami_UAB_NGRC/zr7654_546_R2.fastq.gz;
d3013dba-af42-4aae-8952-0b93fb5101c1	/shares/CIBIO-Storage/CM/scratch/data/meta/CM_Payami_UAB_NGRC/zr7654_689_R1.fastq.gz;/shares/CIBIO-Storage/CM/scratch/data/meta/CM_Payami_UAB_NGRC/zr7654_689_R2.fastq.gz;
4eeb091f-d88d-4f40-90db-8107ace5c626	/shares/CIBIO-Storage/CM/scratch/data/meta/CM_Payami_UAB_NGRC/zr7654_692_R1.fastq.gz;/shares/CIBIO-Storage/CM/scratch/data/meta/CM_Payami_UAB_NGRC/zr7654_692_R2.fastq.gz;
54fb7e4f-a880-4d6d-8baa-f0fbf07b09c8	/shares/CIBIO-Storage/CM/scratch/data/meta/CM_Payami_UAB_NGRC/zr7654_685_R1.fastq.gz;/shares/CIBIO-Storage/CM/scratch/data/meta/CM_Payami_UAB_NGRC/zr7654_685_R2.fastq.gz;
a569e73c-b3a5-45e2-9279-203591d45885	/shares/CIBIO-Storage/CM/scratch/data/meta/CM_Payami_UAB_NGRC/zr7654_832_R1.fastq.gz;/shares/CIBIO-Storage/CM/scratch/data/meta/CM_Payami_UAB_NGRC/zr7654_832_R2.fastq.gz;
df862015-7485-4eaa-b698-b11cbd0f9cd9	/shares/CIBIO-Storage/CM/scratch/data/meta/CM_Payami_UAB_NGRC/zr7654_536_R1.fastq.gz;/shares/CIBIO-Storage/CM/scratch/data/meta/CM_Payami_UAB_NGRC/zr7654_536_R2.fastq.gz;
0809e492-7ac3-4482-8d86-3a0064143eed	/shares/CIBIO-Storage/CM/scratch/data/meta/CM_Payami_UAB_NGRC/zr7654_548_R1.fastq.gz;/shares/CIBIO-Storage/CM/scratch/data/meta/CM_Payami_UAB_NGRC/zr7654_548_R2.fastq.gz;
475b16dc-5723-49c5-af84-3987960c1f2f	/shares/CIBIO-Storage/CM/scratch/data/meta/CM_Payami_UAB_NGRC/zr7654_539_R1.fastq.gz;/shares/CIBIO-Storage/CM/scratch/data/meta/CM_Payami_UAB_NGRC/zr7654_539_R2.fastq.gz;
d4ffdc07-d498-42b5-b2c5-0ced02fa0b68	/shares/CIBIO-Storage/CM/scratch/data/meta/CM_Payami_UAB_NGRC/zr7654_550_R1.fastq.gz;/shares/CIBIO-Storage/CM/scratch/data/meta/CM_Payami_UAB_NGRC/zr7654_550_R2.fastq.gz;
ac77e684-79d8-4cc2-aefb-2b78e5a4752a	/shares/CIBIO-Storage/CM/scratch/data/meta/CM_Payami_UAB_NGRC/zr7654_543_R1.fastq.gz;/shares/CIBIO-Storage/CM/scratch/data/meta/CM_Payami_UAB_NGRC/zr7654_543_R2.fastq.gz;
c3aa46f6-ac01-4fa7-8051-d3869fbee3c9	/shares/CIBIO-Storage/CM/scratch/data/meta/CM_Payami_UAB_NGRC/zr7654_799_R1.fastq.gz;/shares/CIBIO-Storage/CM/scratch/data/meta/CM_Payami_UAB_NGRC/zr7654_799_R2.fastq.gz;
454f06cc-d3af-4aa3-93b5-c226a18acc6c	/shares/CIBIO-Storage/CM/scratch/data/meta/CM_Payami_UAB_NGRC/zr7654_808_R1.fastq.gz;/shares/CIBIO-Storage/CM/scratch/data/meta/CM_Payami_UAB_NGRC/zr7654_808_R2.fastq.gz;
be598389-932d-478e-b291-27fd7b5144e8	/shares/CIBIO-Storage/CM/scratch/data/meta/CM_Payami_UAB_NGRC/zr7654_803_R1.fastq.gz;/shares/CIBIO-Storage/CM/scratch/data/meta/CM_Payami_UAB_NGRC/zr7654_803_R2.fastq.gz;
d2100b29-ff2d-479a-8d12-561f84bcb2e6	/shares/CIBIO-Storage/CM/scratch/data/meta/CM_Payami_UAB_NGRC/zr7654_696_R1.fastq.gz;/shares/CIBIO-Storage/CM/scratch/data/meta/CM_Payami_UAB_NGRC/zr7654_696_R2.fastq.gz;
adbcd5d9-8230-416b-bf6a-222aed4c7ce9	/shares/CIBIO-Storage/CM/scratch/data/meta/CM_Payami_UAB_NGRC/zr7654_690_R1.fastq.gz;/shares/CIBIO-Storage/CM/scratch/data/meta/CM_Payami_UAB_NGRC/zr7654_690_R2.fastq.gz;
309c7b15-fb55-44fd-ab7d-73697b454cad	/shares/CIBIO-Storage/CM/scratch/data/meta/CM_Payami_UAB_NGRC/zr7654_596_R1.fastq.gz;/shares/CIBIO-Storage/CM/scratch/data/meta/CM_Payami_UAB_NGRC/zr7654_596_R2.fastq.gz;
afca3ae9-6a3f-45dc-9e17-8874584720c9	/shares/CIBIO-Storage/CM/scratch/data/meta/CM_Payami_UAB_NGRC/zr7654_591_R1.fastq.gz;/shares/CIBIO-Storage/CM/scratch/data/meta/CM_Payami_UAB_NGRC/zr7654_591_R2.fastq.gz;
f4759c10-0fef-462a-ba6a-d9abeab2e793	/shares/CIBIO-Storage/CM/scratch/data/meta/CM_Payami_UAB_NGRC/zr7654_601_R1.fastq.gz;/shares/CIBIO-Storage/CM/scratch/data/meta/CM_Payami_UAB_NGRC/zr7654_601_R2.fastq.gz;
68071689-57c4-4398-bdea-55a16cc3f6d3	/shares/CIBIO-Storage/CM/scratch/data/meta/CM_Payami_UAB_NGRC/zr7654_603_R1.fastq.gz;/shares/CIBIO-Storage/CM/scratch/data/meta/CM_Payami_UAB_NGRC/zr7654_603_R2.fastq.gz;
40a5f8df-4be3-464e-bf6f-34c6b9c550d8	/shares/CIBIO-Storage/CM/scratch/data/meta/CM_Payami_UAB_NGRC/zr7654_595_R1.fastq.gz;/shares/CIBIO-Storage/CM/scratch/data/meta/CM_Payami_UAB_NGRC/zr7654_595_R2.fastq.gz;
9d9ec09d-3555-416c-a1e5-8afcfd0d5356	/shares/CIBIO-Storage/CM/scratch/data/meta/CM_Payami_UAB_NGRC/zr7654_613_R1.fastq.gz;/shares/CIBIO-Storage/CM/scratch/data/meta/CM_Payami_UAB_NGRC/zr7654_613_R2.fastq.gz;
ced5e6ae-3fc1-4512-9177-f594ad8639bf	/shares/CIBIO-Storage/CM/scratch/data/meta/CM_Payami_UAB_NGRC/zr7654_599_R1.fastq.gz;/shares/CIBIO-Storage/CM/scratch/data/meta/CM_Payami_UAB_NGRC/zr7654_599_R2.fastq.gz;
15a76bed-400f-4f65-a31b-4ad7575fcd59	/shares/CIBIO-Storage/CM/scratch/data/meta/CM_Payami_UAB_NGRC/zr7654_615_R1.fastq.gz;/shares/CIBIO-Storage/CM/scratch/data/meta/CM_Payami_UAB_NGRC/zr7654_615_R2.fastq.gz;
4f7e4044-fe5f-4a28-954f-8a61879380c1	/shares/CIBIO-Storage/CM/scratch/data/meta/CM_Payami_UAB_NGRC/zr7654_525_R1.fastq.gz;/shares/CIBIO-Storage/CM/scratch/data/meta/CM_Payami_UAB_NGRC/zr7654_525_R2.fastq.gz;
9943e3fa-7f9d-493b-a0c1-4b5fc042661f	/shares/CIBIO-Storage/CM/scratch/data/meta/CM_Payami_UAB_NGRC/zr7654_731_R1.fastq.gz;/shares/CIBIO-Storage/CM/scratch/data/meta/CM_Payami_UAB_NGRC/zr7654_731_R2.fastq.gz;
d4055a03-1b83-40f5-9f1f-5d8577fb6a12	/shares/CIBIO-Storage/CM/scratch/data/meta/CM_Payami_UAB_NGRC/zr7654_502_R1.fastq.gz;/shares/CIBIO-Storage/CM/scratch/data/meta/CM_Payami_UAB_NGRC/zr7654_502_R2.fastq.gz;
1000b8bd-800b-45cd-8592-74bbb801eaff	/shares/CIBIO-Storage/CM/scratch/data/meta/CM_Payami_UAB_NGRC/zr7654_510_R1.fastq.gz;/shares/CIBIO-Storage/CM/scratch/data/meta/CM_Payami_UAB_NGRC/zr7654_510_R2.fastq.gz;
a2a3048b-f5cf-4970-b2ef-b6726ebb6822	/shares/CIBIO-Storage/CM/scratch/data/meta/CM_Payami_UAB_NGRC/zr7654_717_R1.fastq.gz;/shares/CIBIO-Storage/CM/scratch/data/meta/CM_Payami_UAB_NGRC/zr7654_717_R2.fastq.gz;
db481212-0973-4c48-a3dd-f32e7e8e9aea	/shares/CIBIO-Storage/CM/scratch/data/meta/CM_Payami_UAB_NGRC/zr7654_746_R1.fastq.gz;/shares/CIBIO-Storage/CM/scratch/data/meta/CM_Payami_UAB_NGRC/zr7654_746_R2.fastq.gz;
a152b998-c2fe-460f-a47e-0a6809fbe7fa	/shares/CIBIO-Storage/CM/scratch/data/meta/CM_Payami_UAB_NGRC/zr7654_554_R1.fastq.gz;/shares/CIBIO-Storage/CM/scratch/data/meta/CM_Payami_UAB_NGRC/zr7654_554_R2.fastq.gz;
804b77e5-9a94-44cb-946c-d291d136df3c	/shares/CIBIO-Storage/CM/scratch/data/meta/CM_Payami_UAB_NGRC/zr7654_552_R1.fastq.gz;/shares/CIBIO-Storage/CM/scratch/data/meta/CM_Payami_UAB_NGRC/zr7654_552_R2.fastq.gz;
6a9ce762-aca9-49ea-b9e5-2d3e7e50afa6	/shares/CIBIO-Storage/CM/scratch/data/meta/CM_Payami_UAB_NGRC/zr7654_740_R1.fastq.gz;/shares/CIBIO-Storage/CM/scratch/data/meta/CM_Payami_UAB_NGRC/zr7654_740_R2.fastq.gz;
9334b7c4-6bc9-4ba8-8c4a-a5eee8b7d243	/shares/CIBIO-Storage/CM/scratch/data/meta/CM_Payami_UAB_NGRC/zr7654_714_R1.fastq.gz;/shares/CIBIO-Storage/CM/scratch/data/meta/CM_Payami_UAB_NGRC/zr7654_714_R2.fastq.gz;
a2bad4fd-7dc9-4711-8be4-5ca63bb480ff	/shares/CIBIO-Storage/CM/scratch/data/meta/CM_Payami_UAB_NGRC/zr7654_585_R1.fastq.gz;/shares/CIBIO-Storage/CM/scratch/data/meta/CM_Payami_UAB_NGRC/zr7654_585_R2.fastq.gz;
7ab0036c-7eef-4fd9-be58-9e5fa751e97f	/shares/CIBIO-Storage/CM/scratch/data/meta/CM_Payami_UAB_NGRC/zr7654_668_R1.fastq.gz;/shares/CIBIO-Storage/CM/scratch/data/meta/CM_Payami_UAB_NGRC/zr7654_668_R2.fastq.gz;
d23771f4-e741-4a93-ae5d-51e805fe50ce	/shares/CIBIO-Storage/CM/scratch/data/meta/CM_Payami_UAB_NGRC/zr7654_667_R1.fastq.gz;/shares/CIBIO-Storage/CM/scratch/data/meta/CM_Payami_UAB_NGRC/zr7654_667_R2.fastq.gz;
90f11f4b-1efa-4be4-9a61-a2e496ef8cd7	/shares/CIBIO-Storage/CM/scratch/data/meta/CM_Payami_UAB_NGRC/zr7654_674_R1.fastq.gz;/shares/CIBIO-Storage/CM/scratch/data/meta/CM_Payami_UAB_NGRC/zr7654_674_R2.fastq.gz;
8d0fb625-9417-4be4-8832-1601aaa2e60a	/shares/CIBIO-Storage/CM/scratch/data/meta/CM_Payami_UAB_NGRC/zr7654_664_R1.fastq.gz;/shares/CIBIO-Storage/CM/scratch/data/meta/CM_Payami_UAB_NGRC/zr7654_664_R2.fastq.gz;
f4069f8d-fc1a-42a4-93b8-860c05343aac	/shares/CIBIO-Storage/CM/scratch/data/meta/CM_Payami_UAB_NGRC/zr7654_849_R1.fastq.gz;/shares/CIBIO-Storage/CM/scratch/data/meta/CM_Payami_UAB_NGRC/zr7654_849_R2.fastq.gz;
39c10510-a726-4d2a-b34c-f83758017374	/shares/CIBIO-Storage/CM/scratch/data/meta/CM_Payami_UAB_NGRC/zr7654_663_R1.fastq.gz;/shares/CIBIO-Storage/CM/scratch/data/meta/CM_Payami_UAB_NGRC/zr7654_663_R2.fastq.gz;
f6ed9b8e-614d-4ca7-8762-eeff473c1010	/shares/CIBIO-Storage/CM/scratch/data/meta/CM_Payami_UAB_NGRC/zr7654_582_R1.fastq.gz;/shares/CIBIO-Storage/CM/scratch/data/meta/CM_Payami_UAB_NGRC/zr7654_582_R2.fastq.gz;
afd8cefb-bc94-48c6-9807-856ebfc5ceaf	/shares/CIBIO-Storage/CM/scratch/data/meta/CM_Payami_UAB_NGRC/zr7654_669_R1.fastq.gz;/shares/CIBIO-Storage/CM/scratch/data/meta/CM_Payami_UAB_NGRC/zr7654_669_R2.fastq.gz;
cff02051-fca6-4d53-a790-f87d9a5d484c	/shares/CIBIO-Storage/CM/scratch/data/meta/CM_Payami_UAB_NGRC/zr7654_703_R1.fastq.gz;/shares/CIBIO-Storage/CM/scratch/data/meta/CM_Payami_UAB_NGRC/zr7654_703_R2.fastq.gz;
1d811680-c0d1-4c94-9520-bd06ebecf054	/shares/CIBIO-Storage/CM/scratch/data/meta/CM_Payami_UAB_NGRC/zr7654_796_R1.fastq.gz;/shares/CIBIO-Storage/CM/scratch/data/meta/CM_Payami_UAB_NGRC/zr7654_796_R2.fastq.gz;
abec2fea-4ce0-4ad2-a383-ef47c102c04d	/shares/CIBIO-Storage/CM/scratch/data/meta/CM_Payami_UAB_NGRC/zr7654_837_R1.fastq.gz;/shares/CIBIO-Storage/CM/scratch/data/meta/CM_Payami_UAB_NGRC/zr7654_837_R2.fastq.gz;
c7dd5214-6fd0-432e-999a-cf41cd692772	/shares/CIBIO-Storage/CM/scratch/data/meta/CM_Payami_UAB_NGRC/zr7654_774_R1.fastq.gz;/shares/CIBIO-Storage/CM/scratch/data/meta/CM_Payami_UAB_NGRC/zr7654_774_R2.fastq.gz;
95526845-c858-491c-84f8-4b331bb39cbb	/shares/CIBIO-Storage/CM/scratch/data/meta/CM_Payami_UAB_NGRC/zr7654_757_R1.fastq.gz;/shares/CIBIO-Storage/CM/scratch/data/meta/CM_Payami_UAB_NGRC/zr7654_757_R2.fastq.gz;
5adda547-d106-4f5b-8a01-00e981e13b8a	/shares/CIBIO-Storage/CM/scratch/data/meta/CM_Payami_UAB_NGRC/zr7654_789_R1.fastq.gz;/shares/CIBIO-Storage/CM/scratch/data/meta/CM_Payami_UAB_NGRC/zr7654_789_R2.fastq.gz;
2498be79-0927-4d00-a397-d97f2d531f5a	/shares/CIBIO-Storage/CM/scratch/data/meta/CM_Payami_UAB_NGRC/zr7654_684_R1.fastq.gz;/shares/CIBIO-Storage/CM/scratch/data/meta/CM_Payami_UAB_NGRC/zr7654_684_R2.fastq.gz;
4ceac5ca-1629-42ea-8f96-46c158b112f3	/shares/CIBIO-Storage/CM/scratch/data/meta/CM_Payami_UAB_NGRC/zr7654_829_R1.fastq.gz;/shares/CIBIO-Storage/CM/scratch/data/meta/CM_Payami_UAB_NGRC/zr7654_829_R2.fastq.gz;
3d738db3-a847-473a-be57-ce3d8fde07e3	/shares/CIBIO-Storage/CM/scratch/data/meta/CM_Payami_UAB_NGRC/zr7654_794_R1.fastq.gz;/shares/CIBIO-Storage/CM/scratch/data/meta/CM_Payami_UAB_NGRC/zr7654_794_R2.fastq.gz;
86c5803e-99e6-4af4-86c9-d90ba190e257	/shares/CIBIO-Storage/CM/scratch/data/meta/CM_Payami_UAB_NGRC/zr7654_693_R1.fastq.gz;/shares/CIBIO-Storage/CM/scratch/data/meta/CM_Payami_UAB_NGRC/zr7654_693_R2.fastq.gz;
d2122f22-74ab-41a9-b03b-e10705ab3a40	/shares/CIBIO-Storage/CM/scratch/data/meta/CM_Payami_UAB_NGRC/zr7654_691_R1.fastq.gz;/shares/CIBIO-Storage/CM/scratch/data/meta/CM_Payami_UAB_NGRC/zr7654_691_R2.fastq.gz;
4db1d6f2-62af-4f53-9def-9ea44f0c0c9c	/shares/CIBIO-Storage/CM/scratch/data/meta/CM_Payami_UAB_NGRC/zr7654_831_R1.fastq.gz;/shares/CIBIO-Storage/CM/scratch/data/meta/CM_Payami_UAB_NGRC/zr7654_831_R2.fastq.gz;
ac350f1b-021c-4f78-aeb8-efdfad4ae8fa	/shares/CIBIO-Storage/CM/scratch/data/meta/CM_Payami_UAB_NGRC/zr7654_531_R1.fastq.gz;/shares/CIBIO-Storage/CM/scratch/data/meta/CM_Payami_UAB_NGRC/zr7654_531_R2.fastq.gz;
1c0dcc2a-87ad-4045-a0e8-0e2a54be48dd	/shares/CIBIO-Storage/CM/scratch/data/meta/CM_Payami_UAB_NGRC/zr7654_598_R1.fastq.gz;/shares/CIBIO-Storage/CM/scratch/data/meta/CM_Payami_UAB_NGRC/zr7654_598_R2.fastq.gz;
d8f98ec3-f167-4c7a-bc2b-e971972e897d	/shares/CIBIO-Storage/CM/scratch/data/meta/CM_Payami_UAB_NGRC/zr7654_614_R1.fastq.gz;/shares/CIBIO-Storage/CM/scratch/data/meta/CM_Payami_UAB_NGRC/zr7654_614_R2.fastq.gz;
935298b3-fc26-4d49-ace9-528786b88697	/shares/CIBIO-Storage/CM/scratch/data/meta/CM_Payami_UAB_NGRC/zr7654_594_R1.fastq.gz;/shares/CIBIO-Storage/CM/scratch/data/meta/CM_Payami_UAB_NGRC/zr7654_594_R2.fastq.gz;
df2ae3af-0f40-4214-9012-5714b92952fb	/shares/CIBIO-Storage/CM/scratch/data/meta/CM_Payami_UAB_NGRC/zr7654_602_R1.fastq.gz;/shares/CIBIO-Storage/CM/scratch/data/meta/CM_Payami_UAB_NGRC/zr7654_602_R2.fastq.gz;
d4efb5fa-5838-49ef-bd31-988ef3871617	/shares/CIBIO-Storage/CM/scratch/data/meta/CM_Payami_UAB_NGRC/zr7654_593_R1.fastq.gz;/shares/CIBIO-Storage/CM/scratch/data/meta/CM_Payami_UAB_NGRC/zr7654_593_R2.fastq.gz;
f481578c-74d8-4fdb-9888-01b28d304be2	/shares/CIBIO-Storage/CM/scratch/data/meta/CM_Payami_UAB_NGRC/zr7654_604_R1.fastq.gz;/shares/CIBIO-Storage/CM/scratch/data/meta/CM_Payami_UAB_NGRC/zr7654_604_R2.fastq.gz;
ee7135ff-e080-4265-a67e-e2d8aa20abeb	/shares/CIBIO-Storage/CM/scratch/data/meta/CM_Payami_UAB_NGRC/zr7654_590_R1.fastq.gz;/shares/CIBIO-Storage/CM/scratch/data/meta/CM_Payami_UAB_NGRC/zr7654_590_R2.fastq.gz;
3d9edf47-485e-4523-a9c3-121f038951e6	/shares/CIBIO-Storage/CM/scratch/data/meta/CM_Payami_UAB_NGRC/zr7654_592_R1.fastq.gz;/shares/CIBIO-Storage/CM/scratch/data/meta/CM_Payami_UAB_NGRC/zr7654_592_R2.fastq.gz;
3a8fc338-830e-4d76-adf4-ddefe8a13a2b	/shares/CIBIO-Storage/CM/scratch/data/meta/CM_Payami_UAB_NGRC/zr7654_608_R1.fastq.gz;/shares/CIBIO-Storage/CM/scratch/data/meta/CM_Payami_UAB_NGRC/zr7654_608_R2.fastq.gz;
e95c6618-80e6-471f-9adf-49e71d4dac83	/shares/CIBIO-Storage/CM/scratch/data/meta/CM_Payami_UAB_NGRC/zr7654_609_R1.fastq.gz;/shares/CIBIO-Storage/CM/scratch/data/meta/CM_Payami_UAB_NGRC/zr7654_609_R2.fastq.gz;
800c40f9-52f9-48ee-8a51-e941100a5b14	/shares/CIBIO-Storage/CM/scratch/data/meta/CM_Payami_UAB_NGRC/zr7654_607_R1.fastq.gz;/shares/CIBIO-Storage/CM/scratch/data/meta/CM_Payami_UAB_NGRC/zr7654_607_R2.fastq.gz;
489d4240-9868-4eb3-8045-c6beab260951	/shares/CIBIO-Storage/CM/scratch/data/meta/CM_Payami_UAB_NGRC/zr7654_611_R1.fastq.gz;/shares/CIBIO-Storage/CM/scratch/data/meta/CM_Payami_UAB_NGRC/zr7654_611_R2.fastq.gz;
fe8211a4-7cb4-4c50-b3c3-4b792bbad331	/shares/CIBIO-Storage/CM/scratch/data/meta/CM_Payami_UAB_NGRC/zr7654_523_R1.fastq.gz;/shares/CIBIO-Storage/CM/scratch/data/meta/CM_Payami_UAB_NGRC/zr7654_523_R2.fastq.gz;
0268a4cb-3069-4be7-b521-fb50c6ea0338	/shares/CIBIO-Storage/CM/scratch/data/meta/CM_Payami_UAB_NGRC/zr7654_589_R1.fastq.gz;/shares/CIBIO-Storage/CM/scratch/data/meta/CM_Payami_UAB_NGRC/zr7654_589_R2.fastq.gz;
94f38a7f-e71d-4c2a-b3ca-6468adc202e9	/shares/CIBIO-Storage/CM/scratch/data/meta/CM_Payami_UAB_NGRC/zr7654_501_R1.fastq.gz;/shares/CIBIO-Storage/CM/scratch/data/meta/CM_Payami_UAB_NGRC/zr7654_501_R2.fastq.gz;
9363686c-5a9c-433f-a431-0d581cc3b289	/shares/CIBIO-Storage/CM/scratch/data/meta/CM_Payami_UAB_NGRC/zr7654_527_R1.fastq.gz;/shares/CIBIO-Storage/CM/scratch/data/meta/CM_Payami_UAB_NGRC/zr7654_527_R2.fastq.gz;
3f95edcd-803d-40dd-9761-d0767f48d9e7	/shares/CIBIO-Storage/CM/scratch/data/meta/CM_Payami_UAB_NGRC/zr7654_528_R1.fastq.gz;/shares/CIBIO-Storage/CM/scratch/data/meta/CM_Payami_UAB_NGRC/zr7654_528_R2.fastq.gz;
5d5121a6-ad1f-488c-8f80-de8f58a2d5d0	/shares/CIBIO-Storage/CM/scratch/data/meta/CM_Payami_UAB_NGRC/zr7654_520_R1.fastq.gz;/shares/CIBIO-Storage/CM/scratch/data/meta/CM_Payami_UAB_NGRC/zr7654_520_R2.fastq.gz;
6d0670f9-e1f8-4da3-befe-76c30851a983	/shares/CIBIO-Storage/CM/scratch/data/meta/CM_Payami_UAB_NGRC/zr7654_519_R1.fastq.gz;/shares/CIBIO-Storage/CM/scratch/data/meta/CM_Payami_UAB_NGRC/zr7654_519_R2.fastq.gz;
61514ded-b872-46c8-b2ea-aa62ef1405be	/shares/CIBIO-Storage/CM/scratch/data/meta/CM_Payami_UAB_NGRC/zr7654_506_R1.fastq.gz;/shares/CIBIO-Storage/CM/scratch/data/meta/CM_Payami_UAB_NGRC/zr7654_506_R2.fastq.gz;
2d2fe2cd-c9db-4252-b4dd-b1b5bb0e7804	/shares/CIBIO-Storage/CM/scratch/data/meta/CM_Payami_UAB_NGRC/zr7654_526_R1.fastq.gz;/shares/CIBIO-Storage/CM/scratch/data/meta/CM_Payami_UAB_NGRC/zr7654_526_R2.fastq.gz;
4ab1b284-b353-4502-87e4-088ac114b8df	/shares/CIBIO-Storage/CM/scratch/data/meta/CM_Payami_UAB_NGRC/zr7654_504_R1.fastq.gz;/shares/CIBIO-Storage/CM/scratch/data/meta/CM_Payami_UAB_NGRC/zr7654_504_R2.fastq.gz;
86cce397-b4cf-43a9-86c8-8715a5051c65	/shares/CIBIO-Storage/CM/scratch/data/meta/CM_Payami_UAB_NGRC/zr7654_509_R1.fastq.gz;/shares/CIBIO-Storage/CM/scratch/data/meta/CM_Payami_UAB_NGRC/zr7654_509_R2.fastq.gz;
6e773935-8c20-4bbf-9b04-565d2b531c55	/shares/CIBIO-Storage/CM/scratch/data/meta/CM_Payami_UAB_NGRC/zr7654_517_R1.fastq.gz;/shares/CIBIO-Storage/CM/scratch/data/meta/CM_Payami_UAB_NGRC/zr7654_517_R2.fastq.gz;
c92e6612-4342-4712-b39a-2e829252367d	/shares/CIBIO-Storage/CM/scratch/data/meta/CM_Payami_UAB_NGRC/zr7654_507_R1.fastq.gz;/shares/CIBIO-Storage/CM/scratch/data/meta/CM_Payami_UAB_NGRC/zr7654_507_R2.fastq.gz;
ca28db26-117c-43a7-9c50-48161b640037	/shares/CIBIO-Storage/CM/scratch/data/meta/CM_Payami_UAB_NGRC/zr7654_516_R1.fastq.gz;/shares/CIBIO-Storage/CM/scratch/data/meta/CM_Payami_UAB_NGRC/zr7654_516_R2.fastq.gz;
de7e25d7-5df5-441f-8906-e637feafacde	/shares/CIBIO-Storage/CM/scratch/data/meta/CM_Payami_UAB_NGRC/zr7654_512_R1.fastq.gz;/shares/CIBIO-Storage/CM/scratch/data/meta/CM_Payami_UAB_NGRC/zr7654_512_R2.fastq.gz;
f7527c0a-eb46-4576-bfbb-2bdbebef2466	/shares/CIBIO-Storage/CM/scratch/data/meta/CM_Payami_UAB_NGRC/zr7654_513_R1.fastq.gz;/shares/CIBIO-Storage/CM/scratch/data/meta/CM_Payami_UAB_NGRC/zr7654_513_R2.fastq.gz;
4a680fc9-15a3-4e1a-ba98-9e9b64950f07	/shares/CIBIO-Storage/CM/scratch/data/meta/CM_Payami_UAB_NGRC/zr7654_508_R1.fastq.gz;/shares/CIBIO-Storage/CM/scratch/data/meta/CM_Payami_UAB_NGRC/zr7654_508_R2.fastq.gz;
4a34c4d6-b24e-490f-b4e9-a60edbec2227	/shares/CIBIO-Storage/CM/scratch/data/meta/CM_Payami_UAB_NGRC/zr7654_750_R1.fastq.gz;/shares/CIBIO-Storage/CM/scratch/data/meta/CM_Payami_UAB_NGRC/zr7654_750_R2.fastq.gz;
b66a859a-e139-43d8-a965-af80be5b8432	/shares/CIBIO-Storage/CM/scratch/data/meta/CM_Payami_UAB_NGRC/zr7654_734_R1.fastq.gz;/shares/CIBIO-Storage/CM/scratch/data/meta/CM_Payami_UAB_NGRC/zr7654_734_R2.fastq.gz;
29f52006-86c9-4450-8bad-910d43d18b89	/shares/CIBIO-Storage/CM/scratch/data/meta/CM_Payami_UAB_NGRC/zr7654_745_R1.fastq.gz;/shares/CIBIO-Storage/CM/scratch/data/meta/CM_Payami_UAB_NGRC/zr7654_745_R2.fastq.gz;
69fa2aa9-2b4d-430c-a6fb-f94ad4e7aeaa	/shares/CIBIO-Storage/CM/scratch/data/meta/CM_Payami_UAB_NGRC/zr7654_727_R1.fastq.gz;/shares/CIBIO-Storage/CM/scratch/data/meta/CM_Payami_UAB_NGRC/zr7654_727_R2.fastq.gz;
0485956a-1f9d-45f6-a1e9-b236c602bfaa	/shares/CIBIO-Storage/CM/scratch/data/meta/CM_Payami_UAB_NGRC/zr7654_744_R1.fastq.gz;/shares/CIBIO-Storage/CM/scratch/data/meta/CM_Payami_UAB_NGRC/zr7654_744_R2.fastq.gz;
05c1934e-67bb-4c25-bc46-e47be3449144	/shares/CIBIO-Storage/CM/scratch/data/meta/CM_Payami_UAB_NGRC/zr7654_553_R1.fastq.gz;/shares/CIBIO-Storage/CM/scratch/data/meta/CM_Payami_UAB_NGRC/zr7654_553_R2.fastq.gz;
189db12d-419c-4dca-afa1-a578ff0039ed	/shares/CIBIO-Storage/CM/scratch/data/meta/CM_Payami_UAB_NGRC/zr7654_725_R1.fastq.gz;/shares/CIBIO-Storage/CM/scratch/data/meta/CM_Payami_UAB_NGRC/zr7654_725_R2.fastq.gz;
